Seed,Model,Exact Match Rate (%),VBS Match Rate (%),Precision (%),Recall (%),F1-Score (%),Mean Solution Cost,Gap to BKS (%),Cost Gain vs SBS (%),SBS Solver,Strategy
11,Gradient Boosting Classifier,21.679055531263664,22.89462177525142,19.979774099535046,21.679055531263664,20.395455421100493,25747.643688966626,4.4692562836813945,0.5877251456594274,PCI + GLS,Gradient Boosting Classifier
11,Random Forest Classifier,22.9951902055094,24.55618714473109,19.961753169485764,22.9951902055094,18.667954113779526,25752.021337997376,4.469913804658302,0.5708229369013014,PCI + GLS,Random Forest Classifier
11,Multi-Layer Perceptron (MLP),18.5002186270223,20.013117621337997,17.556487879432982,18.5002186270223,17.866800435994985,25766.380330855558,4.576434827678044,0.5153825182791955,PCI + GLS,Multi-Layer Perceptron (MLP)
11,Gradient Boosting Regressor,19.20419763882816,20.507214691735896,26.597081990509757,19.20419763882816,8.45178534912678,25847.174260311906,4.719264398974101,0.20343520307231083,PCI + GLS,Gradient Boosting Regressor
11,LightGBM Ranker (LTR),25.749890686488854,27.16222125054657,20.542514484595475,25.749890686488854,18.071153406437496,25722.299285818397,4.376669124753928,0.6855804990357284,PCI + GLS,LightGBM Ranker (LTR)
11,Single Best Solver (SBS: PCI + GLS),20.59903804110188,22.08570179274158,4.243203682187624,20.59903804110188,7.0368781560952085,25899.863700626727,4.82315586884549,0.0,PCI + GLS,Single Best Solver (SBS)
11,Uniform Random Selection (1/9),11.228683865325754,11.976388281591605,16.0987019724231,11.228683865325754,12.910736654815308,26012.328887917218,5.825693013805237,-0.43423080750718057,PCI + GLS,Uniform Random Selection (1/9)
11,Virtual Best Solver (VBS / Upper Bound),100.0,100.0,100.0,100.0,100.0,25556.856413059326,3.3738314902534294,1.324359431123575,PCI + GLS,Virtual Best Solver (VBS / Upper Bound)
12,Gradient Boosting Classifier,23.621704074961865,24.423621704074964,21.62460417652416,23.621704074961865,21.742161428630133,21388.30448173168,4.739838163222021,0.7721997410617885,PCI + GLS,Gradient Boosting Classifier
12,Random Forest Classifier,24.26672477663979,25.36064502070168,23.22665273693991,24.26672477663979,19.09611509812893,21387.65541512312,4.716657281881557,0.7752109873176042,PCI + GLS,Random Forest Classifier
12,Multi-Layer Perceptron (MLP),25.80954456308564,26.550446720418392,22.630587288363273,25.80954456308564,23.140342268944032,21420.727253577395,4.822058131436908,0.6217792001864859,PCI + GLS,Multi-Layer Perceptron (MLP)
12,Gradient Boosting Regressor,23.66528655480497,24.584876879494445,5.889866849758793,23.66528655480497,9.194129658507821,21491.385203748097,4.867134671664633,0.29397233862656647,PCI + GLS,Gradient Boosting Regressor
12,LightGBM Ranker (LTR),28.93005011985182,29.827849204619746,16.12730927884584,28.93005011985182,20.470519696518785,21354.18683082734,4.517404869453576,0.9304834167094581,PCI + GLS,LightGBM Ranker (LTR)
12,Single Best Solver (SBS: PCI + GLS),21.416430594900852,22.336020919590325,4.586634994262052,21.416430594900852,7.555213033012152,21554.75020701678,5.1517862068105185,0.0,PCI + GLS,Single Best Solver (SBS)
12,Uniform Random Selection (1/9),11.21813031161473,11.754194813684899,16.749260574855487,11.21813031161473,12.861233894608365,21690.748427398852,6.431842304513159,-0.6309431520936896,PCI + GLS,Uniform Random Selection (1/9)
12,Virtual Best Solver (VBS / Upper Bound),100.0,100.0,100.0,100.0,100.0,21181.96793782233,3.443417697322598,1.7294668952976149,PCI + GLS,Virtual Best Solver (VBS / Upper Bound)
13,Gradient Boosting Classifier,23.324549846288978,24.602547211242864,22.180363621132827,23.324549846288978,21.705383781181308,22436.783274776757,4.731720310533289,0.9187275797393861,Christofides + GLS,Gradient Boosting Classifier
13,Random Forest Classifier,25.09881422924901,26.469038208168644,18.715410788288143,25.09881422924901,19.86000195309324,22398.546874542524,4.583462953588304,1.0875802687180756,Christofides + GLS,Random Forest Classifier
13,Multi-Layer Perceptron (MLP),21.133069828722004,22.481335090030743,19.42702276711725,21.133069828722004,19.33759144148994,22508.786729614993,5.096044689919362,0.6007589192296888,Christofides + GLS,Multi-Layer Perceptron (MLP)
13,Gradient Boosting Regressor,16.0122968818621,17.35617039964866,2.564950328688073,16.0122968818621,4.421618088481782,22644.80433318694,5.304057571095788,0.00010252974565059215,Christofides + GLS,Gradient Boosting Regressor
13,LightGBM Ranker (LTR),29.543258673693458,31.040843214756258,25.793627102118666,29.543258673693458,21.01780413957336,22397.68066168936,4.53591100156918,1.0914054815673195,Christofides + GLS,LightGBM Ranker (LTR)
13,Single Best Solver (SBS: Christofides + GLS),16.0122968818621,17.35617039964866,2.5639365143289066,16.0122968818621,4.420111631683011,22644.827550871032,5.304387649061202,0.0,Christofides + GLS,Single Best Solver (SBS)
13,Uniform Random Selection (1/9),10.88274044795784,11.576635924462012,15.588291270884808,10.88274044795784,12.364594352551489,22729.181547357635,6.359889560005024,-0.3725088932432981,Christofides + GLS,Uniform Random Selection (1/9)
13,Virtual Best Solver (VBS / Upper Bound),100.0,100.0,100.0,100.0,100.0,22203.3356609574,3.4890556014733147,1.94963679419431,Christofides + GLS,Virtual Best Solver (VBS / Upper Bound)
14,Gradient Boosting Classifier,23.820840950639855,25.521023765996343,23.2854894211766,23.820840950639855,23.10305087488728,21268.11738269348,4.362667291722611,0.6488500712711737,Christofides + GLS,Gradient Boosting Classifier
14,Random Forest Classifier,24.76234003656307,26.640767824497257,19.48914440438509,24.76234003656307,19.79546252652783,21238.595947592934,4.219340382006914,0.7867554849008804,Christofides + GLS,Random Forest Classifier
14,Multi-Layer Perceptron (MLP),21.585923217550274,23.24040219378428,18.672836216918057,21.585923217550274,19.408907415880584,21288.201302559413,4.4751799066801645,0.5550307407750629,Christofides + GLS,Multi-Layer Perceptron (MLP)
14,Gradient Boosting Regressor,18.770566727605118,20.415904936014627,3.523341752754763,18.770566727605118,5.933021707028454,21407.0168266301,4.749028440941734,0.0,Christofides + GLS,Gradient Boosting Regressor
14,LightGBM Ranker (LTR),24.949725776965266,26.805301645338208,17.347388988564635,24.949725776965266,18.145530134733097,21235.61521937843,4.23461804473627,0.8006795558662324,Christofides + GLS,LightGBM Ranker (LTR)
14,Single Best Solver (SBS: Christofides + GLS),18.770566727605118,20.415904936014627,3.523341752754763,18.770566727605118,5.933021707028454,21407.0168266301,4.749028440941734,0.0,Christofides + GLS,Single Best Solver (SBS)
14,Uniform Random Selection (1/9),11.220292504570384,12.180073126142595,15.723179178623429,11.220292504570384,12.718285602580567,21511.026058805604,5.815657725772563,-0.4858651395374125,Christofides + GLS,Uniform Random Selection (1/9)
14,Virtual Best Solver (VBS / Upper Bound),100.0,100.0,100.0,100.0,100.0,21051.44489640463,3.1059099561433303,1.6610064499185218,Christofides + GLS,Virtual Best Solver (VBS / Upper Bound)
15,Gradient Boosting Classifier,27.855297157622736,29.01808785529716,28.2417122377973,27.855297157622736,27.002046932328582,21875.545068906114,4.317162908860524,0.7327201092737546,PCI + GLS,Gradient Boosting Classifier
15,Random Forest Classifier,29.173126614987083,30.36606373815676,32.02483201622491,29.173126614987083,24.623776985648156,21879.69128624749,4.343676034909856,0.7139053224413546,PCI + GLS,Random Forest Classifier
15,Multi-Layer Perceptron (MLP),22.144702842377264,23.22566752799311,21.65926516820866,22.144702842377264,21.050666901166935,21933.581445592878,4.573619353957175,0.4693614944250039,PCI + GLS,Multi-Layer Perceptron (MLP)
15,Gradient Boosting Regressor,22.627045650301465,23.42377260981912,13.333542065778397,22.627045650301465,9.020209316694315,22003.713006029287,4.759236288654557,0.15111711618960433,PCI + GLS,Gradient Boosting Regressor
15,LightGBM Ranker (LTR),26.985357450473728,27.906976744186046,15.190710972854971,26.985357450473728,19.365508544770112,21880.404069767443,4.3698913843570875,0.7106708393254437,PCI + GLS,LightGBM Ranker (LTR)
15,Single Best Solver (SBS: PCI + GLS),20.146425495262704,21.046511627906977,4.058784602361711,20.146425495262704,6.75639676441601,22037.01470714901,4.860310710744371,0.0,PCI + GLS,Single Best Solver (SBS)
15,Uniform Random Selection (1/9),11.369509043927648,11.847545219638244,16.34526443520392,11.369509043927648,12.951583407578832,22174.17138242894,6.058554923771335,-0.6223922663873117,PCI + GLS,Uniform Random Selection (1/9)
15,Virtual Best Solver (VBS / Upper Bound),100.0,100.0,100.0,100.0,100.0,21698.209101349414,3.285346915094363,1.537438760657925,PCI + GLS,Virtual Best Solver (VBS / Upper Bound)
16,Gradient Boosting Classifier,24.142702702702703,25.15459459459459,23.423522531122238,24.142702702702703,23.219987095803965,24142.871654054055,4.4599640955075435,0.7107294284923703,PCI + GLS,Gradient Boosting Classifier
16,Random Forest Classifier,28.345945945945942,29.522162162162164,25.743185233446813,28.345945945945942,24.867173800554482,24126.454875675674,4.3588527830743775,0.7782445929549987,PCI + GLS,Random Forest Classifier
16,Multi-Layer Perceptron (MLP),19.096216216216217,19.922162162162163,19.575466276098627,19.096216216216217,18.75689179270637,24184.35635315315,4.765522571416599,0.5401206636176248,PCI + GLS,Multi-Layer Perceptron (MLP)
16,Gradient Boosting Regressor,21.323243243243244,22.036756756756755,4.546807024105186,21.323243243243244,7.495360167695497,24228.77577657658,4.561991638055722,0.3574426369886568,PCI + GLS,Gradient Boosting Regressor
16,LightGBM Ranker (LTR),23.77081081081081,24.696216216216214,14.418585457007339,23.77081081081081,17.30789813246222,24117.704490090087,4.347186221829011,0.8142311737752814,PCI + GLS,LightGBM Ranker (LTR)
16,Single Best Solver (SBS: PCI + GLS),19.463783783783782,20.895135135135135,3.7883887918188455,19.463783783783782,6.342321784609485,24315.69042162162,4.948822187711197,0.0,PCI + GLS,Single Best Solver (SBS)
16,Uniform Random Selection (1/9),10.927567567567568,11.602162162162163,15.44641954053891,10.927567567567568,12.381496441014756,24415.209282882883,5.934251816917831,-0.4092783693806584,PCI + GLS,Uniform Random Selection (1/9)
16,Virtual Best Solver (VBS / Upper Bound),100.0,100.0,100.0,100.0,100.0,23939.404418018017,3.2988341675860315,1.5475028554772536,PCI + GLS,Virtual Best Solver (VBS / Upper Bound)
17,Gradient Boosting Classifier,23.531547889241942,24.39400817067635,22.292321797409897,23.531547889241942,22.223399490830047,24300.777712210624,4.42810478712578,0.7486699230739726,Christofides + GLS,Gradient Boosting Classifier
17,Random Forest Classifier,29.881979119382663,31.130276895142988,29.291787906123517,29.881979119382663,24.409724736007092,24273.79595248903,4.287753480642873,0.8588711508659015,Christofides + GLS,Random Forest Classifier
17,Multi-Layer Perceptron (MLP),28.143440762596462,29.29641398093509,25.67522305560358,28.143440762596462,25.998735318579747,24296.902526857313,4.363551196629754,0.7644972889782916,Christofides + GLS,Multi-Layer Perceptron (MLP)
17,Gradient Boosting Regressor,18.8833408987744,19.900136177939174,3.5788533243849905,18.8833408987744,6.017284569767943,24484.21263428658,4.9197503509252,-0.000530790343848443,Christofides + GLS,Gradient Boosting Regressor
17,LightGBM Ranker (LTR),26.78620063549705,28.039037675896505,14.129007910072897,26.78620063549705,18.227559079516798,24274.587865032532,4.2486865302453305,0.8556367534248741,Christofides + GLS,LightGBM Ranker (LTR)
17,Single Best Solver (SBS: Christofides + GLS),18.93781207444394,19.954607353608715,3.586407261669547,18.93781207444394,6.030726812806664,24484.08267513996,4.9169367733842115,0.0,Christofides + GLS,Single Best Solver (SBS)
17,Uniform Random Selection (1/9),11.06218792555606,11.688606445755788,15.361948332306541,11.06218792555606,12.442234132977463,24615.825737630505,6.039423237883119,-0.538076366750341,Christofides + GLS,Uniform Random Selection (1/9)
17,Virtual Best Solver (VBS / Upper Bound),100.0,100.0,100.0,100.0,100.0,24075.639196550157,3.1583119220763747,1.6682000465736047,Christofides + GLS,Virtual Best Solver (VBS / Upper Bound)
18,Gradient Boosting Classifier,23.65586383772441,24.84961529494055,23.009612558201102,23.65586383772441,22.72177867857105,21816.005300380817,4.654985623132943,0.7802370232803765,PCI + GLS,Gradient Boosting Classifier
18,Random Forest Classifier,27.521566798787596,28.95313592912101,22.298268639211578,27.521566798787596,23.128799185074005,21805.31612652522,4.510660757848355,0.8288516656847198,PCI + GLS,Random Forest Classifier
18,Multi-Layer Perceptron (MLP),21.44089531359291,22.522732571695034,21.151772861014027,21.44089531359291,20.37191298102707,21893.840701018107,5.036030370977879,0.426239584423175,PCI + GLS,Multi-Layer Perceptron (MLP)
18,Gradient Boosting Regressor,21.36162275588715,22.588015854511543,4.75581181355267,21.36162275588715,7.779619976762721,21925.175775238982,4.882564333949077,0.2837268469056947,PCI + GLS,Gradient Boosting Regressor
18,LightGBM Ranker (LTR),25.185357892282585,26.654231755654003,14.020023153680071,25.185357892282585,17.98453200064229,21811.414331234944,4.6130868237066105,0.8011168710900476,PCI + GLS,LightGBM Ranker (LTR)
18,Single Best Solver (SBS: PCI + GLS),19.263231522499417,20.46630916297505,3.7107208868941517,19.263231522499417,6.2227408053992095,21987.560387036607,5.226953849687123,0.0,PCI + GLS,Single Best Solver (SBS)
18,Uniform Random Selection (1/9),11.317323385404524,12.021450221496853,16.787213471730247,11.317323385404524,13.174117086597438,22098.81362399938,6.2989886408142715,-0.5059826329271431,PCI + GLS,Uniform Random Selection (1/9)
18,Virtual Best Solver (VBS / Upper Bound),100.0,100.0,100.0,100.0,100.0,21603.528895624462,3.3758195606243784,1.7465852720912194,PCI + GLS,Virtual Best Solver (VBS / Upper Bound)
19,Gradient Boosting Classifier,30.201342281879196,31.918537375607496,28.52597950382406,30.201342281879196,28.739222589305758,22643.9961351539,4.430080829703788,0.9272939722633926,Christofides + GLS,Gradient Boosting Classifier
19,Random Forest Classifier,31.52973848646147,33.59870400370284,23.405936246632464,31.52973848646147,25.823805926440723,22652.158466404384,4.45263388978355,0.8915818903652281,Christofides + GLS,Random Forest Classifier
19,Multi-Layer Perceptron (MLP),24.179588058319833,25.679240916454525,21.970990498843186,24.179588058319833,22.391626576483553,22719.00431998766,4.707813871357904,0.599115862650813,Christofides + GLS,Multi-Layer Perceptron (MLP)
19,Gradient Boosting Regressor,20.981254339273317,22.638278176348066,4.402130336492753,20.981254339273317,7.277375921640979,22855.937869320373,5.058392435517602,0.0,Christofides + GLS,Gradient Boosting Regressor
19,LightGBM Ranker (LTR),30.502198565146955,32.49710715112242,19.845894878503582,30.502198565146955,23.05976381516259,22632.979433773045,4.394811019861803,0.9754945818548325,Christofides + GLS,LightGBM Ranker (LTR)
19,Single Best Solver (SBS: Christofides + GLS),20.981254339273317,22.638278176348066,4.402130336492753,20.981254339273317,7.277375921640979,22855.937869320373,5.058392435517602,0.0,Christofides + GLS,Single Best Solver (SBS)
19,Uniform Random Selection (1/9),10.95579726915066,11.978708632261052,16.792808854341885,10.95579726915066,12.710641666285152,22957.676070354086,6.134817990471757,-0.44512809588215113,Christofides + GLS,Uniform Random Selection (1/9)
19,Virtual Best Solver (VBS / Upper Bound),100.0,100.0,100.0,100.0,100.0,22461.67484378616,3.390916303106048,1.7249916751980363,Christofides + GLS,Virtual Best Solver (VBS / Upper Bound)
20,Gradient Boosting Classifier,23.933630109267504,24.759206798866856,23.38000459350725,23.933630109267504,22.493981917846682,24909.62375556455,4.691183048271517,0.7221806392520939,PCI + GLS,Gradient Boosting Classifier
20,Random Forest Classifier,25.928773775799275,26.827195467422094,18.533888499128317,25.928773775799275,20.556804279779346,24921.468521516257,4.701009799695124,0.6749730801952736,PCI + GLS,Random Forest Classifier
20,Multi-Layer Perceptron (MLP),24.70659651962768,25.65762849048968,23.916900232550418,24.70659651962768,23.93693843098941,24941.948394711988,4.828961972682411,0.5933501230760362,PCI + GLS,Multi-Layer Perceptron (MLP)
20,Gradient Boosting Regressor,20.627276406313232,21.497369486038043,16.38890742334915,20.627276406313232,7.848166946563382,25095.248725212463,5.135458828942425,-0.017631506703468896,PCI + GLS,Gradient Boosting Regressor
20,LightGBM Ranker (LTR),24.755159854309998,25.58883043302307,16.00517531751574,24.755159854309998,16.98384168294411,24903.56050856603,4.597628516380099,0.74634583524884,PCI + GLS,LightGBM Ranker (LTR)
20,Single Best Solver (SBS: PCI + GLS),22.197490894374745,23.12828814245245,4.927286020058498,22.197490894374745,8.064463491018081,25090.82483474977,5.050389878890792,0.0,PCI + GLS,Single Best Solver (SBS)
20,Uniform Random Selection (1/9),11.112909753136382,11.748280048563336,15.877558140050125,11.112909753136382,12.632539154829614,25226.351436665318,6.2701204724921515,-0.5401440678341147,PCI + GLS,Uniform Random Selection (1/9)
20,Virtual Best Solver (VBS / Upper Bound),100.0,100.0,100.0,100.0,100.0,24708.20615810064,3.5749634822351646,1.5249346291685828,PCI + GLS,Virtual Best Solver (VBS / Upper Bound)
21,Gradient Boosting Classifier,26.677039342076014,27.68615247832852,26.022964017268052,26.677039342076014,25.741995826255344,22900.92628732311,4.682593198131555,0.7016633442916508,Christofides + GLS,Gradient Boosting Classifier
21,Random Forest Classifier,25.29006445876861,26.65036674816626,21.541066520285227,25.29006445876861,20.353889096930736,22919.781988590057,4.696844699647922,0.6199050892414474,Christofides + GLS,Random Forest Classifier
21,Multi-Layer Perceptron (MLP),24.147588352967325,25.210046677039344,23.26280003361625,24.147588352967325,23.195387901158217,22919.914358746388,4.790882393704172,0.6193311327044247,Christofides + GLS,Multi-Layer Perceptron (MLP)
21,Gradient Boosting Regressor,18.844187597243835,19.902200488997554,12.890078959911474,18.844187597243835,6.2609193268647445,23062.456456990443,5.1040201599772965,0.0012690909570398786,Christofides + GLS,Gradient Boosting Regressor
21,LightGBM Ranker (LTR),23.92976216937097,25.214492109357632,12.987004093657252,23.92976216937097,16.293997385791403,22893.77087500926,4.546994919467751,0.732689187174008,Christofides + GLS,LightGBM Ranker (LTR)
21,Single Best Solver (SBS: Christofides + GLS),18.715270060013335,19.77328295176706,3.5026133341923162,18.715270060013335,5.9008640294069385,23062.749144254278,5.104921068816981,0.0,Christofides + GLS,Single Best Solver (SBS)
21,Uniform Random Selection (1/9),11.278061791509224,11.895976883751946,16.657469802884805,11.278061791509224,13.03575822401292,23197.08438912351,6.247008286885634,-0.5824771540850704,Christofides + GLS,Uniform Random Selection (1/9)
21,Virtual Best Solver (VBS / Upper Bound),100.0,100.0,100.0,100.0,100.0,22696.85461213603,3.477498315404959,1.5865174174580319,Christofides + GLS,Virtual Best Solver (VBS / Upper Bound)
22,Gradient Boosting Classifier,19.4021128343448,20.77320746235109,19.336192954976816,19.4021128343448,18.271770903676373,21986.136989585677,4.356076464543018,0.5168281631981793,PCI + GLS,Gradient Boosting Classifier
22,Random Forest Classifier,23.501910541694762,24.958417621937514,24.228870529189496,23.501910541694762,19.207660042959912,21973.553352813364,4.2153540231263396,0.5737667741030831,PCI + GLS,Random Forest Classifier
22,Multi-Layer Perceptron (MLP),21.53742414025624,23.079343672735448,20.034136342437943,21.53742414025624,20.571185495808695,21994.84852026673,4.46735286237237,0.47741011062645305,PCI + GLS,Multi-Layer Perceptron (MLP)
22,Gradient Boosting Regressor,18.727804000899077,20.193301865587774,3.5073064269609153,18.727804000899077,5.9081467167275425,22117.177620439048,4.67631143239012,-0.07610626648193432,PCI + GLS,Gradient Boosting Regressor
22,LightGBM Ranker (LTR),22.913014160485503,24.432456731849854,11.758070324332643,22.913014160485503,15.374463692007062,21965.035543567847,4.227355918705649,0.612308273287149,PCI + GLS,LightGBM Ranker (LTR)
22,Single Best Solver (SBS: PCI + GLS),22.058889638120927,23.412002697235334,4.865946120667989,22.058889638120927,7.973112216725058,22100.357863190227,4.573657207477018,0.0,PCI + GLS,Single Best Solver (SBS)
22,Uniform Random Selection (1/9),11.166554281861092,11.944257136435155,15.90213216826827,11.166554281861092,12.705287168484473,22246.788619165352,5.851684834312473,-0.6625718772591292,PCI + GLS,Uniform Random Selection (1/9)
22,Virtual Best Solver (VBS / Upper Bound),100.0,100.0,100.0,100.0,100.0,21787.521645313554,3.1634066311235935,1.4155255757090006,PCI + GLS,Virtual Best Solver (VBS / Upper Bound)
23,Gradient Boosting Classifier,21.35261401557286,22.64738598442714,19.813306167820237,21.35261401557286,19.71939172592539,21602.69659621802,4.794292719590522,0.513212148045647,PCI + GLS,Gradient Boosting Classifier
23,Random Forest Classifier,25.24137931034483,26.869855394883203,18.05132502526046,25.24137931034483,20.176528481424413,21587.968134964776,4.6907493973135335,0.5810410551249399,PCI + GLS,Random Forest Classifier
23,Multi-Layer Perceptron (MLP),22.74082313681869,24.298109010011125,19.952483036814492,22.74082313681869,20.211984614751067,21621.66367816092,4.870892579802195,0.42586314284069526,PCI + GLS,Multi-Layer Perceptron (MLP)
23,Gradient Boosting Regressor,19.853170189098996,21.361512791991103,3.976872968967889,19.853170189098996,6.6263863098896465,21682.389403040415,5.014856733378517,0.14620327346585915,PCI + GLS,Gradient Boosting Regressor
23,LightGBM Ranker (LTR),22.122358175750833,23.715239154616242,12.805496657480155,22.122358175750833,15.863975892448451,21605.578094178716,4.8294680302603705,0.49994200026409813,PCI + GLS,LightGBM Ranker (LTR)
23,Single Best Solver (SBS: PCI + GLS),19.034482758620687,20.440489432703004,3.6231153388822825,19.034482758620687,6.087505494066408,21714.136180941787,5.187977155476241,0.0,PCI + GLS,Single Best Solver (SBS)
23,Uniform Random Selection (1/9),11.265850945494995,12.071190211345941,15.80828036659579,11.265850945494995,12.794330094153377,21855.17216907675,6.359802507717266,-0.649512312899421,PCI + GLS,Uniform Random Selection (1/9)
23,Virtual Best Solver (VBS / Upper Bound),100.0,100.0,100.0,100.0,100.0,21394.967267334076,3.5526477525395057,1.4698669610805957,PCI + GLS,Virtual Best Solver (VBS / Upper Bound)
24,Gradient Boosting Classifier,20.44162658504591,21.674682990817665,18.504981830439924,20.44162658504591,19.003295459084885,23476.555312636643,4.772856722216123,0.4183900186138124,PCI + GLS,Gradient Boosting Classifier
24,Random Forest Classifier,25.10275470048098,26.523830345430692,22.95588276012961,25.10275470048098,19.753580467155256,23456.342384492058,4.58905109590275,0.5041281475799648,PCI + GLS,Random Forest Classifier
24,Multi-Layer Perceptron (MLP),23.29252295583734,24.70485351989506,22.340779330490037,23.29252295583734,22.310555710570114,23494.731875819853,4.873702590605578,0.3412896347794727,PCI + GLS,Multi-Layer Perceptron (MLP)
24,Gradient Boosting Regressor,22.383034543069524,23.725404459991257,5.37332650942327,22.383034543069524,8.311038338870528,23552.395561871446,4.90867008912395,0.09669486276076666,PCI + GLS,Gradient Boosting Regressor
24,LightGBM Ranker (LTR),23.847835592479232,24.940970703979012,16.41477408814011,23.847835592479232,16.531951425944975,23458.863423699167,4.619883896219672,0.49343453688082517,PCI + GLS,LightGBM Ranker (LTR)
24,Single Best Solver (SBS: PCI + GLS),20.389156099693924,21.630957586357674,4.157176864576859,20.389156099693924,6.906231423591526,23575.19156099694,4.9780952331475055,0.0,PCI + GLS,Single Best Solver (SBS)
24,Uniform Random Selection (1/9),10.874508089199825,11.644075207695671,15.922833594515188,10.874508089199825,12.455965259940779,23720.222533158427,6.204590520549145,-0.6151847028951721,PCI + GLS,Uniform Random Selection (1/9)
24,Virtual Best Solver (VBS / Upper Bound),100.0,100.0,100.0,100.0,100.0,23261.749191080016,3.543392011374046,1.3295432578180462,PCI + GLS,Virtual Best Solver (VBS / Upper Bound)
25,Gradient Boosting Classifier,20.12009435985417,20.866395024662236,20.192559713192782,20.12009435985417,19.634000481697893,22540.798584602187,4.708674952897709,0.4434132692525165,Christofides + GLS,Gradient Boosting Classifier
25,Random Forest Classifier,25.412824361998716,26.197726785331334,24.41844810779803,25.412824361998716,22.20675975156901,22507.226020444632,4.566173773780764,0.5916941690077033,Christofides + GLS,Random Forest Classifier
25,Multi-Layer Perceptron (MLP),17.70105082564872,18.327257130602618,17.83232886573895,17.70105082564872,17.407876856092113,22596.199278004147,4.980706111534436,0.19872344972751282,Christofides + GLS,Multi-Layer Perceptron (MLP)
25,Gradient Boosting Regressor,20.87068410894274,21.47973407677461,4.424905467700111,20.87068410894274,7.301731706904069,22643.791321752808,4.951842466506822,-0.011477684601137695,Christofides + GLS,Gradient Boosting Regressor
25,LightGBM Ranker (LTR),27.544499249410254,28.16641647008364,18.245224895473395,27.544499249410254,21.61063939588972,22498.15166916863,4.516961596847432,0.6317731145891466,Christofides + GLS,LightGBM Ranker (LTR)
25,Single Best Solver (SBS: Christofides + GLS),21.085138322968046,21.694188290799914,4.445830580986957,21.085138322968046,7.3433133786058535,22641.19263707199,4.928582900534512,0.0,Christofides + GLS,Single Best Solver (SBS)
25,Uniform Random Selection (1/9),10.93287583101008,11.323182500536136,16.296387560930807,10.93287583101008,12.611586371107968,22793.36540853528,6.137337308612903,-0.6721058113084013,Christofides + GLS,Uniform Random Selection (1/9)
25,Virtual Best Solver (VBS / Upper Bound),100.0,100.0,100.0,100.0,100.0,22305.586896847522,3.367322304704596,1.4822794258415324,Christofides + GLS,Virtual Best Solver (VBS / Upper Bound)
26,Gradient Boosting Classifier,23.633519553072627,24.795530726256985,22.138654045055905,23.633519553072627,22.53913603434848,21210.168297951583,4.623046679586151,0.5330483736801777,Christofides + GLS,Gradient Boosting Classifier
26,Random Forest Classifier,22.726256983240223,24.205586592178772,15.290532721310262,22.726256983240223,17.42693680799998,21191.19655865922,4.507876885573286,0.6220180154082385,Christofides + GLS,Random Forest Classifier
26,Multi-Layer Perceptron (MLP),20.34413407821229,21.658100558659218,20.218322657500526,20.34413407821229,19.901771749619552,21249.516767225323,4.821895872070498,0.34852026268924136,Christofides + GLS,Multi-Layer Perceptron (MLP)
26,Gradient Boosting Regressor,19.0122905027933,20.232402234636872,3.614671901626042,19.0122905027933,6.074451447585917,21323.834651769088,4.887796412948507,0.0,Christofides + GLS,Gradient Boosting Regressor
26,LightGBM Ranker (LTR),27.55754189944134,28.920670391061453,20.864226123599558,27.55754189944134,19.649205465736138,21158.233802607076,4.347684759432243,0.7765997620332963,Christofides + GLS,LightGBM Ranker (LTR)
26,Single Best Solver (SBS: Christofides + GLS),19.0122905027933,20.232402234636872,3.614671901626042,19.0122905027933,6.074451447585917,21323.834651769088,4.887796412948507,0.0,Christofides + GLS,Single Best Solver (SBS)
26,Uniform Random Selection (1/9),11.365363128491621,12.062569832402234,16.699158262914693,11.365363128491621,13.011113252805236,21488.764230912475,6.19958594909136,-0.7734517821807623,Christofides + GLS,Uniform Random Selection (1/9)
26,Virtual Best Solver (VBS / Upper Bound),100.0,100.0,100.0,100.0,100.0,20981.003366852885,3.2655066081769895,1.6077374942867544,Christofides + GLS,Virtual Best Solver (VBS / Upper Bound)
27,Gradient Boosting Classifier,20.762990572242927,22.034641525981144,19.747939014602306,20.762990572242927,19.77644980031489,22200.215435211576,4.790471040760379,0.32086042385898306,PCI + GLS,Gradient Boosting Classifier
27,Random Forest Classifier,23.586932690199518,25.01205875904407,23.905854921237214,23.586932690199518,20.351611934205287,22203.3435138493,4.833434392754515,0.30681532650193877,PCI + GLS,Random Forest Classifier
27,Multi-Layer Perceptron (MLP),20.67529050646788,21.67068625301469,19.357155211534245,20.67529050646788,19.807449977361493,22219.196060805378,4.979909352483845,0.23563726765455187,PCI + GLS,Multi-Layer Perceptron (MLP)
27,Gradient Boosting Regressor,21.38127603595703,22.48629686472265,14.2134150959815,21.38127603595703,7.861711641668813,22278.945772125993,5.083443621994901,-0.032639399828382425,PCI + GLS,Gradient Boosting Regressor
27,LightGBM Ranker (LTR),24.85419864064898,26.353869765402322,14.423960996489749,24.85419864064898,17.26679472947282,22175.52071914054,4.713779311297841,0.43173989064712176,PCI + GLS,LightGBM Ranker (LTR)
27,Single Best Solver (SBS: PCI + GLS),18.732734049550537,20.37272527954396,3.509153249711901,18.732734049550537,5.911012287895993,22271.676430607324,4.941713427498963,0.0,PCI + GLS,Single Best Solver (SBS)
27,Uniform Random Selection (1/9),11.335233501425126,12.071914053935542,16.137520063493373,11.335233501425126,12.867510410682595,22434.25504640795,6.257747292951429,-0.7299792465429302,PCI + GLS,Uniform Random Selection (1/9)
27,Virtual Best Solver (VBS / Upper Bound),100.0,100.0,100.0,100.0,100.0,21976.682072644886,3.5599033056292835,1.3245269563858943,PCI + GLS,Virtual Best Solver (VBS / Upper Bound)
28,Gradient Boosting Classifier,20.856230031948883,21.823216187433438,19.397735912613793,20.856230031948883,19.198550686299583,24197.859140930064,4.437164199769397,0.5100736026853171,PCI + GLS,Gradient Boosting Classifier
28,Random Forest Classifier,23.1863684771033,24.51544195953142,22.366433434376066,23.1863684771033,18.794852493931373,24186.798423855165,4.400750962838541,0.5555499368219131,PCI + GLS,Random Forest Classifier
28,Multi-Layer Perceptron (MLP),19.931842385516507,21.248136315228965,18.803517150700962,19.931842385516507,18.282723442653033,24249.242776002844,4.625071068109934,0.2988088770893963,PCI + GLS,Multi-Layer Perceptron (MLP)
28,Gradient Boosting Regressor,21.482428115015974,22.67944621938232,4.617564221390465,21.482428115015974,7.6012659447507085,24304.738509052182,4.6829067791064025,0.07063718783840049,PCI + GLS,Gradient Boosting Regressor
28,LightGBM Ranker (LTR),23.902023429179977,25.133120340788075,16.838277873215933,23.902023429179977,16.79045304186505,24177.594689385875,4.274684278697101,0.5933912540887504,PCI + GLS,LightGBM Ranker (LTR)
28,Single Best Solver (SBS: PCI + GLS),18.521831735889243,19.637912673056444,3.4305825085259394,18.521831735889243,5.788946151575777,24321.918828541002,4.7784845091108314,0.0,PCI + GLS,Single Best Solver (SBS)
28,Uniform Random Selection (1/9),11.305644302449416,11.914802981895633,16.20447183781099,11.305644302449416,13.008596431510924,24463.54934327298,5.964414252075719,-0.5823163695694149,PCI + GLS,Uniform Random Selection (1/9)
28,Virtual Best Solver (VBS / Upper Bound),100.0,100.0,100.0,100.0,100.0,23980.508441604547,3.2078733106494743,1.40371485220081,PCI + GLS,Virtual Best Solver (VBS / Upper Bound)
29,Gradient Boosting Classifier,23.633187772925766,24.860262008733624,22.14980348536632,23.633187772925766,22.458891970397566,23563.161135371178,4.636003214017592,0.7336652310028857,Christofides + GLS,Gradient Boosting Classifier
29,Random Forest Classifier,24.17467248908297,25.589519650655024,22.089829963119943,24.17467248908297,20.805168388955124,23544.83537117904,4.548581232559791,0.8108675822809432,Christofides + GLS,Random Forest Classifier
29,Multi-Layer Perceptron (MLP),19.62882096069869,20.554585152838428,19.53341714818081,19.62882096069869,19.4332647962463,23609.037161572054,4.970037245685634,0.5403997795396926,Christofides + GLS,Multi-Layer Perceptron (MLP)
29,Gradient Boosting Regressor,19.790393013100438,20.593886462882097,3.9184787948521635,19.790393013100438,6.541706074568482,23737.2841775837,5.074358924758129,0.0001237464811732415,Christofides + GLS,Gradient Boosting Regressor
29,LightGBM Ranker (LTR),26.777292576419214,27.965065502183407,23.464744151927366,26.777292576419214,20.622511400010758,23534.05784570597,4.547861457916512,0.856270889818706,Christofides + GLS,LightGBM Ranker (LTR)
29,Single Best Solver (SBS: Christofides + GLS),19.790393013100438,20.593886462882097,3.9165965561297456,19.790393013100438,6.539082905757596,23737.313551673946,5.074676139555618,0.0,Christofides + GLS,Single Best Solver (SBS)
29,Uniform Random Selection (1/9),11.393013100436681,12.05240174672489,16.701882329618734,11.393013100436681,13.095849681960711,23849.26127365357,6.226392068215963,-0.4716107479303611,Christofides + GLS,Uniform Random Selection (1/9)
29,Virtual Best Solver (VBS / Upper Bound),100.0,100.0,100.0,100.0,100.0,23324.440727802037,3.4074200972603705,1.7393409872314427,Christofides + GLS,Virtual Best Solver (VBS / Upper Bound)
30,Gradient Boosting Classifier,22.35055267313332,24.168734491315135,20.979632719073578,22.35055267313332,21.454803282915343,24178.428708925483,4.416402331125102,0.6133844707098107,PCI + GLS,Gradient Boosting Classifier
30,Random Forest Classifier,28.12542296413264,29.993232573877737,19.28693188865413,28.12542296413264,22.059740068535476,24132.609669899994,4.221726474934823,0.801725874957756,PCI + GLS,Random Forest Classifier
30,Multi-Layer Perceptron (MLP),23.852921272276113,25.54928942025716,22.10477488092728,23.852921272276113,22.159826740953935,24209.613384464996,4.535826701344894,0.48519833439951005,PCI + GLS,Multi-Layer Perceptron (MLP)
30,Gradient Boosting Regressor,21.100834649221746,22.61673810060907,4.6259522115601515,21.100834649221746,7.588312776060817,24325.502346041056,4.775777449969305,0.00883108130349948,PCI + GLS,Gradient Boosting Regressor
30,LightGBM Ranker (LTR),25.134220618091586,26.97496052334762,21.181341879880982,25.134220618091586,18.260857190528377,24141.728896909543,4.292743878438338,0.7642408456519524,PCI + GLS,LightGBM Ranker (LTR)
30,Single Best Solver (SBS: PCI + GLS),20.37897586284683,22.327994586059102,4.153026572184936,20.37897586284683,6.899920093881952,24327.650740657195,4.792223318781124,0.0,PCI + GLS,Single Best Solver (SBS)
30,Uniform Random Selection (1/9),11.464019851116625,12.49266862170088,16.887239062502328,11.464019851116625,13.317137185150255,24463.155462816754,6.012262523575851,-0.5569987978045883,PCI + GLS,Uniform Random Selection (1/9)
30,Virtual Best Solver (VBS / Upper Bound),100.0,100.0,100.0,100.0,100.0,23962.66514775547,3.3125791698452574,1.5002911575499913,PCI + GLS,Virtual Best Solver (VBS / Upper Bound)
31,Gradient Boosting Classifier,25.071350164654227,25.8748627881449,24.04988053400741,25.071350164654227,23.569581617602605,22320.651547749727,4.618355809512379,0.6125968620324236,PCI + GLS,Gradient Boosting Classifier
31,Random Forest Classifier,26.283205268935234,27.060373216245882,19.805794369772197,26.283205268935234,20.42435305131181,22331.347866813023,4.633228056279946,0.5649692480910511,PCI + GLS,Random Forest Classifier
31,Multi-Layer Perceptron (MLP),24.777167947310648,25.352360043907794,25.17389355839434,24.777167947310648,23.936603106206302,22339.023973655323,4.672802837097649,0.5307897653087612,PCI + GLS,Multi-Layer Perceptron (MLP)
31,Gradient Boosting Regressor,23.929747530186606,24.68496158068057,7.292669245098275,23.929747530186606,9.308314715603109,22471.974526161728,5.03702267741812,-0.06120057740602154,PCI + GLS,Gradient Boosting Regressor
31,LightGBM Ranker (LTR),25.602634467618003,26.256860592755217,13.934899222106795,25.602634467618003,17.775360867680284,22320.951935601905,4.595151306335398,0.6112593218401822,PCI + GLS,LightGBM Ranker (LTR)
31,Single Best Solver (SBS: PCI + GLS),18.142700329308454,18.766190998902303,3.291575752390891,18.142700329308454,5.572203349366523,22458.22995975119,5.0180702595668185,0.0,PCI + GLS,Single Best Solver (SBS)
31,Uniform Random Selection (1/9),11.38968166849616,11.960482985729968,16.68722504205825,11.38968166849616,12.997742351540559,22616.817467983903,6.257817928702762,-0.7061442888283246,PCI + GLS,Uniform Random Selection (1/9)
31,Virtual Best Solver (VBS / Upper Bound),100.0,100.0,100.0,100.0,100.0,22133.65571899012,3.5069222663394517,1.445235182571186,PCI + GLS,Virtual Best Solver (VBS / Upper Bound)
32,Gradient Boosting Classifier,23.963428571428572,25.366857142857143,23.68338999225628,23.963428571428572,23.209431174648717,22724.008106666668,4.354115171228587,0.4589434390004418,Christofides + GLS,Gradient Boosting Classifier
32,Random Forest Classifier,29.714285714285715,31.36,26.525879373102075,29.714285714285715,24.643317772913324,22675.002765714285,4.154562388675714,0.6736081844377171,Christofides + GLS,Random Forest Classifier
32,Multi-Layer Perceptron (MLP),20.260571428571428,21.70057142857143,19.172111143492216,20.260571428571428,19.087917088677393,22734.917356190475,4.396922252722206,0.4111561728284682,Christofides + GLS,Multi-Layer Perceptron (MLP)
32,Gradient Boosting Regressor,16.667428571428573,18.130285714285716,2.8130197987411507,16.667428571428573,4.813627045394748,22829.679192380954,4.632610675909784,-0.003941958266340854,Christofides + GLS,Gradient Boosting Regressor
32,LightGBM Ranker (LTR),28.502857142857142,30.198857142857143,24.010942331611197,28.502857142857142,20.477503481557587,22694.27440761905,4.195492103930461,0.5891899960679143,Christofides + GLS,LightGBM Ranker (LTR)
32,Single Best Solver (SBS: Christofides + GLS),16.845714285714287,18.30857142857143,2.837780897959184,16.845714285714287,4.85731276548178,22828.77929142857,4.62998384144081,0.0,Christofides + GLS,Single Best Solver (SBS)
32,Uniform Random Selection (1/9),11.268571428571429,12.141714285714286,16.243086527607677,11.268571428571429,12.817557241954711,22967.701653333334,5.755729275171172,-0.6085404748598324,Christofides + GLS,Uniform Random Selection (1/9)
32,Virtual Best Solver (VBS / Upper Bound),100.0,100.0,100.0,100.0,100.0,22494.73372952381,3.094247560655508,1.4632651077851695,Christofides + GLS,Virtual Best Solver (VBS / Upper Bound)
33,Gradient Boosting Classifier,20.48219420482194,21.574872815748726,18.184617804344445,20.48219420482194,17.974146600354217,22195.34290348743,4.444219623166976,0.7128192496326606,Christofides + GLS,Gradient Boosting Classifier
33,Random Forest Classifier,22.521566025215662,23.77792523777925,18.449627186194697,22.521566025215662,16.355858061753807,22165.780992405813,4.355630254407243,0.8450595498456297,Christofides + GLS,Random Forest Classifier
33,Multi-Layer Perceptron (MLP),21.362530413625304,22.574651625746515,21.097534185257683,21.362530413625304,19.32936860790866,22218.09223623092,4.5357799319214145,0.6110538873278417,Christofides + GLS,Multi-Layer Perceptron (MLP)
33,Gradient Boosting Regressor,17.089139570891394,18.22605618226056,2.920386912734062,17.089139570891394,4.988313900737,22354.691447319914,4.890835490940099,0.0,Christofides + GLS,Gradient Boosting Regressor
33,LightGBM Ranker (LTR),25.454545454545453,26.551647865516482,14.379235930793735,25.454545454545453,16.861872941972138,22151.071591830714,4.235030887752781,0.9108596106953274,Christofides + GLS,LightGBM Ranker (LTR)
33,Single Best Solver (SBS: Christofides + GLS),17.089139570891394,18.22605618226056,2.920386912734062,17.089139570891394,4.988313900737,22354.691447319914,4.890835490940099,0.0,Christofides + GLS,Single Best Solver (SBS)
33,Uniform Random Selection (1/9),11.329351913293518,12.050431320504314,15.815281981223247,11.329351913293518,12.85442288571347,22462.777637690775,5.9500052694088845,-0.4835056239786274,Christofides + GLS,Uniform Random Selection (1/9)
33,Virtual Best Solver (VBS / Upper Bound),100.0,100.0,100.0,100.0,100.0,21971.578728894787,3.1899699287125802,1.7137911266990817,Christofides + GLS,Virtual Best Solver (VBS / Upper Bound)
34,Gradient Boosting Classifier,19.60177928404999,20.74560474475747,18.14896167054691,19.60177928404999,18.4981009490265,25766.2405846219,4.664899146514599,0.457631363877717,Christofides + GLS,Gradient Boosting Classifier
34,Random Forest Classifier,24.19402668926075,25.541198898538447,19.086376959004483,24.19402668926075,19.744616385110383,25748.404208147993,4.516241105280448,0.5265383957851213,Christofides + GLS,Random Forest Classifier
34,Multi-Layer Perceptron (MLP),21.779284049989407,22.889218385935184,20.523390398341025,21.779284049989407,20.654321810967456,25778.994330297257,4.68868229222182,0.40835999076691265,Christofides + GLS,Multi-Layer Perceptron (MLP)
34,Gradient Boosting Regressor,20.169455623808517,21.279389959754287,4.831930790984367,20.169455623808517,6.829655211174593,25883.392325072375,4.873424761416798,0.005040630045775132,Christofides + GLS,Gradient Boosting Regressor
34,LightGBM Ranker (LTR),25.066723151874605,26.34187672103368,14.741158925724212,25.066723151874605,17.309379223201056,25740.069434441855,4.448992440396428,0.5587380142754563,Christofides + GLS,LightGBM Ranker (LTR)
34,Single Best Solver (SBS: Christofides + GLS),20.16098284261809,21.270917178563863,4.06465229180341,20.16098284261809,6.7653446162755255,25884.69707689049,4.876066943693668,0.0,Christofides + GLS,Single Best Solver (SBS)
34,Uniform Random Selection (1/9),10.942596907434865,11.645837746240204,16.030278211813904,10.942596907434865,12.547147461266558,26009.867570429993,5.9358993642152775,-0.48356947414792556,Christofides + GLS,Uniform Random Selection (1/9)
34,Virtual Best Solver (VBS / Upper Bound),100.0,100.0,100.0,100.0,100.0,25524.711424133304,3.360444293680836,1.390727701729903,Christofides + GLS,Virtual Best Solver (VBS / Upper Bound)
35,Gradient Boosting Classifier,20.38099506947557,21.74809502465262,19.701498249553396,20.38099506947557,19.118625854762538,23566.64179740027,4.54387071825932,0.6027025058962581,PCI + GLS,Gradient Boosting Classifier
35,Random Forest Classifier,17.64231286418646,19.09905871806365,18.98387696493608,17.64231286418646,13.12955534114252,23590.7762811893,4.699307338668146,0.5009102146708844,PCI + GLS,Random Forest Classifier
35,Multi-Layer Perceptron (MLP),17.812640071716718,19.184222321828777,17.805454305433855,17.812640071716718,17.3095107160726,23641.483034513672,4.905759593207415,0.2870437551018039,PCI + GLS,Multi-Layer Perceptron (MLP)
35,Gradient Boosting Regressor,20.806813088301208,22.138054683998206,14.053710554822604,20.806813088301208,7.912865892669191,23724.07261317795,4.942460669629022,-0.06129526540774118,PCI + GLS,Gradient Boosting Regressor
35,LightGBM Ranker (LTR),22.375616315553565,23.89959659345585,11.991663664157858,22.375616315553565,15.061959571873762,23549.356596444046,4.42315576006617,0.675606497753112,PCI + GLS,LightGBM Ranker (LTR)
35,Single Best Solver (SBS: PCI + GLS),18.83908561183326,20.318242940385478,3.549111466899829,18.83908561183326,5.9729700016245,23709.53978783804,4.855343043442102,0.0,PCI + GLS,Single Best Solver (SBS)
35,Uniform Random Selection (1/9),11.223666517256836,12.061855670103093,16.237759511908436,11.223666517256836,12.962141274439762,23848.001740624535,6.11797628183852,-0.5839925786223866,PCI + GLS,Uniform Random Selection (1/9)
35,Virtual Best Solver (VBS / Upper Bound),100.0,100.0,100.0,100.0,100.0,23338.790004482296,3.2493642042358206,1.5637156464163897,PCI + GLS,Virtual Best Solver (VBS / Upper Bound)
36,Gradient Boosting Classifier,26.572454015253477,28.133692238672047,24.131843383362785,26.572454015253477,24.598606856063824,21625.760109167044,4.561996639815274,0.6061272597449524,PCI + GLS,Gradient Boosting Classifier
36,Random Forest Classifier,28.443248093315386,30.183938986092418,19.42237089312956,28.443248093315386,22.3031709627159,21596.63360251234,4.41368531700418,0.7399952154233677,PCI + GLS,Random Forest Classifier
36,Multi-Layer Perceptron (MLP),20.892777030058323,22.72319425751458,17.99062044388222,20.892777030058323,17.819649098410316,21659.241857335128,4.811233183441867,0.45224223560056986,PCI + GLS,Multi-Layer Perceptron (MLP)
36,Gradient Boosting Regressor,21.1395244504262,22.44055630327501,4.509254830711102,21.1395244504262,7.432985539169336,21781.079968595783,4.976616857834233,-0.10773631148509831,PCI + GLS,Gradient Boosting Regressor
36,LightGBM Ranker (LTR),29.214894571556755,30.758187528039482,16.03824385763285,29.214894571556755,20.651582528798336,21588.127785254976,4.378260565056058,0.7790886906937142,PCI + GLS,LightGBM Ranker (LTR)
36,Single Best Solver (SBS: PCI + GLS),20.349932705248992,22.045760430686407,4.141197611081624,20.349932705248992,6.881927588981543,21757.639090773144,4.9844555725982165,0.0,PCI + GLS,Single Best Solver (SBS)
36,Uniform Random Selection (1/9),11.435621354867653,12.175863615971288,16.003548690475355,11.435621354867653,12.874730644300703,21916.557559443696,6.233841079542932,-0.7304030920245632,PCI + GLS,Uniform Random Selection (1/9)
36,Virtual Best Solver (VBS / Upper Bound),100.0,100.0,100.0,100.0,100.0,21443.815313294454,3.485645740494381,1.4423613525778858,PCI + GLS,Virtual Best Solver (VBS / Upper Bound)
37,Gradient Boosting Classifier,21.86142236450949,23.324948547907614,20.220694370859206,21.86142236450949,19.63145369071884,20815.39419163046,4.917952900625504,0.7251743081672192,PCI + GLS,Gradient Boosting Classifier
37,Random Forest Classifier,23.045963869197347,24.646695632289045,25.297511054261985,23.045963869197347,18.949990776256893,20817.47681225703,4.88232588457244,0.7152416689973062,PCI + GLS,Random Forest Classifier
37,Multi-Layer Perceptron (MLP),24.41801966613309,25.54767893894352,23.350724851683648,24.41801966613309,22.63245883831462,20833.463030718805,5.00811469024847,0.6389986232661664,PCI + GLS,Multi-Layer Perceptron (MLP)
37,Gradient Boosting Regressor,20.603704550651727,22.27303910359021,4.254856245733945,20.603704550651727,7.053167857194986,20977.32975836573,5.3091986892221215,-0.047144727107927206,PCI + GLS,Gradient Boosting Regressor
37,LightGBM Ranker (LTR),24.774754173336383,26.05533958380974,13.16430542582224,24.774754173336383,17.009507261215088,20826.330993215946,4.922110594641049,0.6730134381385473,PCI + GLS,LightGBM Ranker (LTR)
37,Single Best Solver (SBS: PCI + GLS),18.778870340727188,19.803338669105877,3.5264597127384327,18.778870340727188,5.937856965001412,20967.444713773915,5.373394715926704,0.0,PCI + GLS,Single Best Solver (SBS)
37,Uniform Random Selection (1/9),10.834667276469242,11.667047793276925,15.593899623891398,10.834667276469242,12.427487532579734,21091.83696165866,6.42903818931623,-0.5932637456915751,PCI + GLS,Uniform Random Selection (1/9)
37,Virtual Best Solver (VBS / Upper Bound),100.0,100.0,100.0,100.0,100.0,20585.8285692507,3.5991190632934447,1.82004125792459,PCI + GLS,Virtual Best Solver (VBS / Upper Bound)
38,Gradient Boosting Classifier,25.203892493049118,26.756255792400367,24.76838537347835,25.203892493049118,24.668805938684077,22760.338222119244,4.078375194695007,0.5688429784676553,PCI + GLS,Gradient Boosting Classifier
38,Random Forest Classifier,26.024096385542165,27.831325301204817,22.59758583608385,26.024096385542165,22.108532226234693,22753.487843682422,4.008416611826425,0.5987696450822416,PCI + GLS,Random Forest Classifier
38,Multi-Layer Perceptron (MLP),20.389249304911957,21.839666357738647,20.97564927848535,20.389249304911957,20.08524530306307,22810.977579548962,4.425595094062659,0.3476191174280819,PCI + GLS,Multi-Layer Perceptron (MLP)
38,Gradient Boosting Regressor,21.093605189990733,22.84522706209453,4.44940179911204,21.093605189990733,7.34869821099325,22918.957221192464,4.520578845608326,-0.12410237452012271,PCI + GLS,Gradient Boosting Regressor
38,LightGBM Ranker (LTR),25.593141797961078,27.3725671918443,18.250330423784863,25.593141797961078,19.163331308500666,22748.97749459376,4.005387520784194,0.618473624174291,PCI + GLS,LightGBM Ranker (LTR)
38,Single Best Solver (SBS: PCI + GLS),19.471733086190916,21.005560704355887,3.791483893798621,19.471733086190916,6.347081097523407,22890.549505715167,4.555792336987246,0.0,PCI + GLS,Single Best Solver (SBS)
38,Uniform Random Selection (1/9),11.028730305838739,11.974050046339203,15.41122447464112,11.028730305838739,12.430117218212084,23031.4125424776,5.645678193184955,-0.615376388090911,PCI + GLS,Uniform Random Selection (1/9)
38,Virtual Best Solver (VBS / Upper Bound),100.0,100.0,100.0,100.0,100.0,22550.484399135003,2.9449225195416506,1.4856135563511028,PCI + GLS,Virtual Best Solver (VBS / Upper Bound)
39,Gradient Boosting Classifier,26.05873261205564,27.330536542283063,24.336693303169064,26.05873261205564,24.493529037667567,23099.70476926474,4.5205406571060625,0.6809956172483856,PCI + GLS,Gradient Boosting Classifier
39,Random Forest Classifier,26.54890704349746,28.143077942150583,22.920339645875888,26.54890704349746,21.78126571605515,23102.637234120848,4.569434894784555,0.6683872530807342,PCI + GLS,Random Forest Classifier
39,Multi-Layer Perceptron (MLP),27.538087878118787,28.567012585559727,30.42430357763179,27.538087878118787,27.541152844317708,23108.80505630382,4.539785502207824,0.6418682146539896,PCI + GLS,Multi-Layer Perceptron (MLP)
39,Gradient Boosting Regressor,20.649149922720248,21.867962022521528,4.435971348968097,20.649149922720248,7.302744342873712,23272.906278059912,4.931868734706077,-0.06369794411761688,PCI + GLS,Gradient Boosting Regressor
39,LightGBM Ranker (LTR),28.08125413998675,29.40604990064032,15.70696930628549,28.08125413998675,19.561675997387496,23080.195547214247,4.408266255735946,0.7648770577122922,PCI + GLS,LightGBM Ranker (LTR)
39,Single Best Solver (SBS: PCI + GLS),20.551998233605655,22.044601457275338,4.223846313941299,20.551998233605655,7.007509416403583,23258.091352027674,4.889209394494667,0.0,PCI + GLS,Single Best Solver (SBS)
39,Uniform Random Selection (1/9),10.986972841686907,11.733274453521748,16.116996870184636,10.986972841686907,12.701572141938966,23390.524773680725,6.106534682321468,-0.5694079520480761,PCI + GLS,Uniform Random Selection (1/9)
39,Virtual Best Solver (VBS / Upper Bound),100.0,100.0,100.0,100.0,100.0,22890.51742106425,3.3153530243580995,1.5804131362282963,PCI + GLS,Virtual Best Solver (VBS / Upper Bound)
40,Gradient Boosting Classifier,23.343694493783303,24.21403197158082,21.71217418068446,23.343694493783303,21.291201286279122,22976.721973060983,4.447635024537424,0.68184406968891,PCI + GLS,Gradient Boosting Classifier
40,Random Forest Classifier,26.99378330373002,27.952930728241565,27.3169670478563,26.99378330373002,22.424269114899886,22975.296706631143,4.420359290765969,0.688004862933789,PCI + GLS,Random Forest Classifier
40,Multi-Layer Perceptron (MLP),23.53019538188277,24.47602131438721,22.98754084970724,23.53019538188277,22.421402577067244,23003.192251332148,4.585353214851289,0.567424822768631,PCI + GLS,Multi-Layer Perceptron (MLP)
40,Gradient Boosting Regressor,22.087033747779753,22.80195381882771,5.106323667351868,22.087033747779753,8.294933313760607,23129.849822380107,4.807837140317544,0.019940442453442554,PCI + GLS,Gradient Boosting Regressor
40,LightGBM Ranker (LTR),26.26110124333925,27.131438721136767,14.142612839846642,26.26110124333925,17.92850457228143,22966.704817939608,4.4091978074231,0.7251437786504108,PCI + GLS,LightGBM Ranker (LTR)
40,Single Best Solver (SBS: PCI + GLS),18.28152753108348,19.18738898756661,3.3421424886976325,18.28152753108348,5.651165585123752,23134.462936648903,4.942211172161808,0.0,PCI + GLS,Single Best Solver (SBS)
40,Uniform Random Selection (1/9),11.376554174067495,11.780639431616342,16.478469462297536,11.376554174067495,13.025560247927686,23258.810775606868,5.974775916538509,-0.5375004351666923,PCI + GLS,Uniform Random Selection (1/9)
40,Virtual Best Solver (VBS / Upper Bound),100.0,100.0,100.0,100.0,100.0,22768.707852279455,3.2717321447595213,1.580996651493604,PCI + GLS,Virtual Best Solver (VBS / Upper Bound)
41,Gradient Boosting Classifier,24.500220167327168,25.922501100836637,23.37961767960765,24.500220167327168,23.41140925545149,24130.678665785996,4.510310865332252,0.6501425716561519,PCI + GLS,Gradient Boosting Classifier
41,Random Forest Classifier,25.094671950682518,26.737120211360633,18.031271065091367,25.094671950682518,19.54706815111112,24120.111250550417,4.48118620536085,0.6936503076623265,PCI + GLS,Random Forest Classifier
41,Multi-Layer Perceptron (MLP),23.588727432848966,24.76882430647292,21.03953365529272,23.588727432848966,21.61465830445555,24152.088448554234,4.612675635236114,0.5619950771303496,PCI + GLS,Multi-Layer Perceptron (MLP)
41,Gradient Boosting Regressor,19.616908850726553,21.096433289299867,3.8824224313632514,19.616908850726553,6.48198249063503,24261.869264641125,4.855973632118751,0.1100099267058755,PCI + GLS,Gradient Boosting Regressor
41,LightGBM Ranker (LTR),24.88771466314399,26.27476882430647,12.205837877281972,24.88771466314399,15.941404182200317,24121.095251724648,4.524014351584843,0.6895990176955937,PCI + GLS,LightGBM Ranker (LTR)
41,Single Best Solver (SBS: PCI + GLS),19.709379128137382,21.215323645970937,3.8845962561665752,19.709379128137382,6.49004494795431,24288.589123734037,4.9613682571509115,0.0,PCI + GLS,Single Best Solver (SBS)
41,Uniform Random Selection (1/9),11.210920299427565,11.981505944517835,15.884748071526502,11.210920299427565,12.802647444462837,24415.246550711872,6.096578897740752,-0.5214688524417835,PCI + GLS,Uniform Random Selection (1/9)
41,Virtual Best Solver (VBS / Upper Bound),100.0,100.0,100.0,100.0,100.0,23922.487714663144,3.383455663824051,1.50729796286582,PCI + GLS,Virtual Best Solver (VBS / Upper Bound)
42,Gradient Boosting Classifier,25.639329805996475,26.98853615520282,25.72104432653885,25.639329805996475,25.2565670640648,22666.119282774842,4.7719525102292435,0.5962723109900723,Christofides + GLS,Gradient Boosting Classifier
42,Random Forest Classifier,24.166666666666668,25.524691358024693,19.5369052113375,24.166666666666668,19.417277311144346,22672.029460611404,4.847953461878006,0.5703528449831275,Christofides + GLS,Random Forest Classifier
42,Multi-Layer Perceptron (MLP),21.57848324514991,22.707231040564373,21.46206316053026,21.57848324514991,20.86600983366651,22719.24971340388,5.060898295727949,0.3632653814685208,Christofides + GLS,Multi-Layer Perceptron (MLP)
42,Gradient Boosting Regressor,19.334215167548503,20.60405643738977,3.7696991333792873,19.334215167548503,6.309249005373037,22808.36718841858,5.260118186943974,-0.027565051751051926,Christofides + GLS,Gradient Boosting Regressor
42,LightGBM Ranker (LTR),27.019400352733687,28.51851851851852,16.706377173217625,27.019400352733687,18.415764978905354,22651.99595091123,4.719163634666108,0.6582110935896525,Christofides + GLS,LightGBM Ranker (LTR)
42,Single Best Solver (SBS: Christofides + GLS),19.334215167548503,20.60405643738977,3.7381187614506253,19.334215167548503,6.264957214830974,22802.08178277484,5.253741919489002,0.0,Christofides + GLS,Single Best Solver (SBS)
42,Uniform Random Selection (1/9),11.159611992945326,11.962081128747796,16.759441553416746,11.159611992945326,12.889683642700406,22959.971715167547,6.508312052752228,-0.692436479690115,Christofides + GLS,Uniform Random Selection (1/9)
42,Virtual Best Solver (VBS / Upper Bound),100.0,100.0,100.0,100.0,100.0,22461.032216343327,3.641573281865002,1.495694865409828,Christofides + GLS,Virtual Best Solver (VBS / Upper Bound)
43,Gradient Boosting Classifier,23.994126284875183,25.219215439479758,22.40523559797563,23.994126284875183,22.224153470693057,25049.75152786518,4.5962122314320535,0.45986804234331347,PCI + GLS,Gradient Boosting Classifier
43,Random Forest Classifier,25.53387874973778,26.779945458359556,21.57438558393718,25.53387874973778,21.378620953024946,25032.587035871617,4.571921726225813,0.5280745391672419,PCI + GLS,Random Forest Classifier
43,Multi-Layer Perceptron (MLP),21.774701069855254,22.65156282777428,21.494460903038718,21.774701069855254,20.6045504389317,25084.004503181597,4.8050101393794895,0.32375708415094673,PCI + GLS,Multi-Layer Perceptron (MLP)
43,Gradient Boosting Regressor,19.32871827144955,20.411160058737153,6.456866403954156,19.32871827144955,6.725513280890041,25214.944164743727,5.103420410463276,-0.19655750563197621,PCI + GLS,Gradient Boosting Regressor
43,LightGBM Ranker (LTR),27.30857981959304,28.361653031256555,15.072663514481485,27.30857981959304,19.023479478655258,25040.91054471715,4.595394855507183,0.4949994338947029,PCI + GLS,LightGBM Ranker (LTR)
43,Single Best Solver (SBS: PCI + GLS),20.56639395846444,21.728550451017412,4.2297656045476275,20.56639395846444,7.016491852621547,25165.479525907278,4.829108223903348,0.0,PCI + GLS,Single Best Solver (SBS)
43,Uniform Random Selection (1/9),10.887350534927627,11.596391860709042,15.187494180066272,10.887350534927627,12.294754564836932,25336.862261380324,6.191595606025112,-0.6810231265277941,PCI + GLS,Uniform Random Selection (1/9)
43,Virtual Best Solver (VBS / Upper Bound),100.0,100.0,100.0,100.0,100.0,24815.294161247468,3.3654224399889814,1.3915306652484107,PCI + GLS,Virtual Best Solver (VBS / Upper Bound)
44,Gradient Boosting Classifier,22.91440697948597,24.26786135345437,21.81587744091684,22.91440697948597,21.9384666876058,23584.430425214177,3.9678368397388404,0.5263576167970567,Christofides + GLS,Gradient Boosting Classifier
44,Random Forest Classifier,26.65409101626975,27.72930912520632,24.8578216599411,26.65409101626975,22.564262478209756,23587.40252298986,3.964243254047925,0.5138219996150428,Christofides + GLS,Random Forest Classifier
44,Multi-Layer Perceptron (MLP),21.235557651497288,22.438104220702666,20.00057016754535,21.235557651497288,20.185495154901258,23623.923563624932,4.1898797581575495,0.35978474409957695,Christofides + GLS,Multi-Layer Perceptron (MLP)
44,Gradient Boosting Regressor,19.834944588540438,20.62249469464749,9.228114434249568,19.834944588540438,7.084178773378577,23703.049021457202,4.285726500070317,0.02605196557126474,Christofides + GLS,Gradient Boosting Regressor
44,LightGBM Ranker (LTR),25.093138410752182,26.239094553171423,17.318871859107247,25.093138410752182,17.913997151458634,23585.849194372397,4.011753609750535,0.5203735784580119,Christofides + GLS,LightGBM Ranker (LTR)
44,Single Best Solver (SBS: Christofides + GLS),19.471822683329403,20.25937278943645,3.791518786110215,19.471822683329403,6.3471347485171785,23709.225740784404,4.296379503097522,0.0,Christofides + GLS,Single Best Solver (SBS)
44,Uniform Random Selection (1/9),11.167177552464041,11.98302287196416,15.77918931503527,11.167177552464041,12.687952727881036,23842.280680657077,5.401201907114583,-0.5611947911221435,Christofides + GLS,Uniform Random Selection (1/9)
44,Virtual Best Solver (VBS / Upper Bound),100.0,100.0,100.0,100.0,100.0,23381.64192407451,2.801323649006846,1.3816723510561064,Christofides + GLS,Virtual Best Solver (VBS / Upper Bound)
45,Gradient Boosting Classifier,21.73952434881087,23.16647791619479,21.448020882669475,21.73952434881087,21.159373988123285,23284.541321253302,4.431131245151804,0.5181625914361712,PCI + GLS,Gradient Boosting Classifier
45,Random Forest Classifier,29.943374858437146,31.714609286523217,24.164796097320128,29.943374858437146,24.746955438829588,23243.169626274066,4.2356728343614325,0.6949207322325442,PCI + GLS,Random Forest Classifier
45,Multi-Layer Perceptron (MLP),24.163080407701017,25.66704416761042,24.251747893903687,24.163080407701017,23.060237895496286,23301.67691204228,4.4535648241109795,0.4449517846073175,PCI + GLS,Multi-Layer Perceptron (MLP)
45,Gradient Boosting Regressor,22.795016987542468,24.462061155152888,5.628291007607306,22.795016987542468,8.476613197895155,23426.87128727822,4.799358924364059,-0.0899338422922964,PCI + GLS,Gradient Boosting Regressor
45,LightGBM Ranker (LTR),29.843714609286526,31.29331823329558,16.34321668064994,29.843714609286526,20.914994610785605,23251.39881464704,4.319559555391037,0.6597620074618996,PCI + GLS,LightGBM Ranker (LTR)
45,Single Best Solver (SBS: PCI + GLS),19.157417893544736,21.032842582106458,3.6700666034790794,19.157417893544736,6.160030434291414,23405.821532653827,4.7529339517254785,0.0,PCI + GLS,Single Best Solver (SBS)
45,Uniform Random Selection (1/9),10.822197055492639,11.78708946772367,15.855784815519186,10.822197055492639,12.434832804793215,23550.314911287278,5.959227424932331,-0.6173394872376788,PCI + GLS,Uniform Random Selection (1/9)
45,Virtual Best Solver (VBS / Upper Bound),100.0,100.0,100.0,100.0,100.0,23040.82166100415,3.127830217349204,1.5594405483288014,PCI + GLS,Virtual Best Solver (VBS / Upper Bound)
46,Gradient Boosting Classifier,25.119315623592975,26.019810895992794,24.63513271108789,25.119315623592975,24.47615050935198,22526.347951373256,4.623992304330288,0.6499489770530797,PCI + GLS,Gradient Boosting Classifier
46,Random Forest Classifier,25.920756416028816,27.0058532192706,22.46894683668197,25.920756416028816,22.261299931353552,22505.41181149632,4.514206634445199,0.7422855852546035,PCI + GLS,Random Forest Classifier
46,Multi-Layer Perceptron (MLP),20.10355695632598,21.139126519585773,18.94820525714924,20.10355695632598,19.231872885284098,22546.68752063635,4.645316846992103,0.5602434798089054,PCI + GLS,Multi-Layer Perceptron (MLP)
46,Gradient Boosting Regressor,18.95092300765421,19.774876181900044,3.6223630762586994,18.95092300765421,6.082156005887876,22681.44948221522,5.038182431841896,-0.034109754355568025,PCI + GLS,Gradient Boosting Regressor
46,LightGBM Ranker (LTR),23.732552904097254,24.682575416479065,15.44171828779087,23.732552904097254,16.606541546927602,22499.423495422485,4.54070028806993,0.7686964135327318,PCI + GLS,LightGBM Ranker (LTR)
46,Single Best Solver (SBS: PCI + GLS),23.048176497073392,24.034218820351192,5.312184398402462,23.048176497073392,8.634316329797553,22673.715533543447,4.876596336052867,0.0,PCI + GLS,Single Best Solver (SBS)
46,Uniform Random Selection (1/9),11.359747861323727,11.882035119315622,16.786689782178655,11.359747861323727,13.060270654866757,22801.46121867027,6.080604006418621,-0.5634086964610406,PCI + GLS,Uniform Random Selection (1/9)
46,Virtual Best Solver (VBS / Upper Bound),100.0,100.0,100.0,100.0,100.0,22282.48548701786,3.271728399622446,1.7254783228924333,PCI + GLS,Virtual Best Solver (VBS / Upper Bound)
47,Gradient Boosting Classifier,20.888792542813786,21.91198786039454,20.38141806304383,20.888792542813786,19.941054556976034,22472.173104993133,4.811430231817628,0.6100650171465422,Christofides + GLS,Gradient Boosting Classifier
47,Random Forest Classifier,28.788207240407544,29.984825493171474,32.56821803570877,28.788207240407544,24.07185397172367,22422.612067345905,4.52423142319,0.8292635915979965,Christofides + GLS,Random Forest Classifier
47,Multi-Layer Perceptron (MLP),19.63147626273575,20.24712768263603,19.34462807178407,19.63147626273575,19.332563160570327,22460.499479731196,4.811740539042513,0.6616951309934479,Christofides + GLS,Multi-Layer Perceptron (MLP)
47,Gradient Boosting Regressor,17.95794493821808,18.465207023628874,14.422882386741795,17.95794493821808,5.94643331329458,22638.605549533924,5.227787644433541,-0.12603245614459907,Christofides + GLS,Gradient Boosting Regressor
47,LightGBM Ranker (LTR),25.17233904183828,26.342943854324734,13.937048481910209,25.17233904183828,17.368969154175947,22425.44920875786,4.573044421607926,0.8167154815797183,Christofides + GLS,LightGBM Ranker (LTR)
47,Single Best Solver (SBS: Christofides + GLS),18.239757207890744,18.74701929330154,3.3268874300280236,18.239757207890744,5.627358358286621,22610.109473227832,5.146546896982674,0.0,Christofides + GLS,Single Best Solver (SBS)
47,Uniform Random Selection (1/9),10.969000650336007,11.476262735746802,15.461516968819735,10.969000650336007,12.514789799931242,22740.85891321627,6.2498361098081565,-0.5782786684127108,Christofides + GLS,Uniform Random Selection (1/9)
47,Virtual Best Solver (VBS / Upper Bound),100.0,100.0,100.0,100.0,100.0,22213.610911193,3.3738449044688434,1.7536339773335308,Christofides + GLS,Virtual Best Solver (VBS / Upper Bound)
48,Gradient Boosting Classifier,21.428249605767064,22.441991439513405,19.964857087975567,21.428249605767064,19.92221059787131,22165.827859127432,4.866026154041697,0.3255112885679408,PCI + GLS,Gradient Boosting Classifier
48,Random Forest Classifier,23.37913944582113,24.870466321243523,18.686017116071646,23.37913944582113,19.44976259359147,22149.666118495155,4.7942556708906094,0.3981868161614482,PCI + GLS,Random Forest Classifier
48,Multi-Layer Perceptron (MLP),19.891867537733724,21.211984681234515,22.15543136524921,19.891867537733724,19.96049436955667,22165.053330329654,4.9228938389682595,0.3289941615019642,PCI + GLS,Multi-Layer Perceptron (MLP)
48,Gradient Boosting Regressor,19.689119170984455,20.97769767965758,3.9450458861624056,19.689119170984455,6.573067286264482,22284.171675302245,5.190261142654001,-0.20665288072686241,PCI + GLS,Gradient Boosting Regressor
48,LightGBM Ranker (LTR),25.028159495381843,26.393331831493576,13.93833489197385,25.028159495381843,17.20094606760535,22116.726657655625,4.652926658099845,0.5463077859026473,PCI + GLS,LightGBM Ranker (LTR)
48,Single Best Solver (SBS: PCI + GLS),24.14958323946835,25.577832845235417,5.832023706400106,24.14958323946835,9.395156317441506,22238.215761808213,4.881108577630134,0.0,PCI + GLS,Single Best Solver (SBS)
48,Uniform Random Selection (1/9),11.074566343771119,11.79995494480739,16.486649100421523,11.074566343771119,12.780175982418578,22405.95541788691,6.332452604095515,-0.7542855860170826,PCI + GLS,Uniform Random Selection (1/9)
48,Virtual Best Solver (VBS / Upper Bound),100.0,100.0,100.0,100.0,100.0,21902.83855973568,3.372692598854911,1.5081120071175342,PCI + GLS,Virtual Best Solver (VBS / Upper Bound)
49,Gradient Boosting Classifier,23.81801554641061,25.25377229080933,22.30878029618853,23.81801554641061,22.63605165962447,22757.43433165676,4.395094305345398,0.701666598878455,PCI + GLS,Gradient Boosting Classifier
49,Random Forest Classifier,28.532235939643346,30.077732053040695,26.665886898316565,28.532235939643346,23.12193290697018,22751.585543362293,4.3270887710080785,0.7271868276350331,PCI + GLS,Random Forest Classifier
49,Multi-Layer Perceptron (MLP),21.211705532693188,22.290809327846365,22.437365950277943,21.211705532693188,21.467324283857884,22814.199428440785,4.731785187040476,0.45398140625698263,PCI + GLS,Multi-Layer Perceptron (MLP)
49,Gradient Boosting Regressor,20.635573845450388,21.819844535893917,4.258269079310361,20.635573845450388,7.059723667855635,22915.169516841943,4.833978115802612,0.013414980557051724,PCI + GLS,Gradient Boosting Regressor
49,LightGBM Ranker (LTR),27.937814357567444,29.469593049839965,16.941322403911634,27.937814357567444,20.27298597629162,22746.607796067674,4.30281723980659,0.7489064118045027,PCI + GLS,LightGBM Ranker (LTR)
49,Single Best Solver (SBS: PCI + GLS),20.393232738911752,21.860996799268403,4.158839415434222,20.393232738911752,6.90875943908442,22918.243994817865,4.984042764619919,0.0,PCI + GLS,Single Best Solver (SBS)
49,Uniform Random Selection (1/9),11.262002743484224,11.966163694558757,16.324303492822313,11.262002743484224,12.948939180349933,23068.117794543516,6.08074840132287,-0.6539497518201607,PCI + GLS,Uniform Random Selection (1/9)
49,Virtual Best Solver (VBS / Upper Bound),100.0,100.0,100.0,100.0,100.0,22556.076703246457,3.2756009215891653,1.5802575958843053,PCI + GLS,Virtual Best Solver (VBS / Upper Bound)
50,Gradient Boosting Classifier,23.814873062233204,25.387553358795778,23.82809831738197,23.814873062233204,22.707610122104963,22302.40570658279,4.661844218479197,0.45968789730614695,Christofides + GLS,Gradient Boosting Classifier
50,Random Forest Classifier,25.827903841833294,27.67467984722534,20.431769977931456,25.827903841833294,20.818527599266,22292.135722309595,4.547206165846537,0.5055249900975305,Christofides + GLS,Random Forest Classifier
50,Multi-Layer Perceptron (MLP),23.02853291395192,24.47989215906538,22.998648623385183,23.02853291395192,21.791654811209114,22345.68847450011,4.775010601955092,0.2665078303734172,Christofides + GLS,Multi-Layer Perceptron (MLP)
50,Gradient Boosting Regressor,20.714446191866998,22.120871714221522,7.610692994674599,20.714446191866998,7.5567809169457005,22404.614700816295,4.893062407384329,0.003507729141485392,Christofides + GLS,Gradient Boosting Regressor
50,LightGBM Ranker (LTR),27.827454504605708,29.045158391372727,18.276285709665697,27.827454504605708,20.030229631206815,22286.058870665765,4.493765844147876,0.5326472529236433,Christofides + GLS,LightGBM Ranker (LTR)
50,Single Best Solver (SBS: Christofides + GLS),20.92563468883397,22.332060211188498,4.378821871305315,20.92563468883397,7.24217306375593,22405.400621583165,4.887169965931651,0.0,Christofides + GLS,Single Best Solver (SBS)
50,Uniform Random Selection (1/9),10.99078858683442,11.91642327566839,15.742683648991711,10.99078858683442,12.590790234045398,22552.395529094585,6.035494814996062,-0.6560690879582826,Christofides + GLS,Uniform Random Selection (1/9)
50,Virtual Best Solver (VBS / Upper Bound),100.0,100.0,100.0,100.0,100.0,22086.94610199955,3.4265108062585345,1.4213292811057643,Christofides + GLS,Virtual Best Solver (VBS / Upper Bound)
51,Gradient Boosting Classifier,26.76524112829845,28.03002729754322,26.611003968401665,26.76524112829845,26.15819750682096,23123.02456020625,4.239092247245727,0.922466475798446,PCI + GLS,Gradient Boosting Classifier
51,Random Forest Classifier,26.706096451319382,27.72520473157416,28.915445246564996,26.706096451319382,23.403624393268473,23121.131377009402,4.230996202026514,0.9305783869874311,PCI + GLS,Random Forest Classifier
51,Multi-Layer Perceptron (MLP),26.064604185623292,27.101910828025478,25.78484770475239,26.064604185623292,25.136520904687686,23131.232969366087,4.339430144163785,0.887295084979888,PCI + GLS,Multi-Layer Perceptron (MLP)
51,Gradient Boosting Regressor,20.191082802547772,21.323930846223842,9.056621494083387,20.191082802547772,7.305684601252023,23303.195586897178,4.853100044900279,0.15046967708462483,PCI + GLS,Gradient Boosting Regressor
51,LightGBM Ranker (LTR),29.50864422202002,30.914467697907188,17.804012689596245,29.50864422202002,20.975672019631535,23107.44474522293,4.158798780764988,0.9892228656163815,PCI + GLS,LightGBM Ranker (LTR)
51,Single Best Solver (SBS: PCI + GLS),17.115559599636033,18.280254777070063,2.929423804086931,17.115559599636033,5.002621025082026,23338.312670609645,4.866859811087683,0.0,PCI + GLS,Single Best Solver (SBS)
51,Uniform Random Selection (1/9),10.791628753412192,11.451319381255686,15.346227291530282,10.791628753412192,12.360785591209247,23433.064528359115,5.889539891394556,-0.40599275143311,PCI + GLS,Uniform Random Selection (1/9)
51,Virtual Best Solver (VBS / Upper Bound),100.0,100.0,100.0,100.0,100.0,22939.146489232633,3.2015165037110265,1.7103472175162373,PCI + GLS,Virtual Best Solver (VBS / Upper Bound)
52,Gradient Boosting Classifier,23.298829882988297,23.847884788478847,21.90436362807993,23.298829882988297,21.683469384698597,22050.029890489048,4.484352631295101,0.546766996433479,Christofides + GLS,Gradient Boosting Classifier
52,Random Forest Classifier,25.733573357335732,26.854185418541853,17.095704263494458,25.733573357335732,20.28902053726248,22035.119029402944,4.427557019939992,0.6140201180503233,Christofides + GLS,Random Forest Classifier
52,Multi-Layer Perceptron (MLP),21.404140414041404,22.362736273627362,20.730659739390887,21.404140414041404,20.39539139744244,22093.910763576358,4.739790170684677,0.348849137944111,Christofides + GLS,Multi-Layer Perceptron (MLP)
52,Gradient Boosting Regressor,20.53105310531053,21.363636363636363,4.215241416130812,20.53105310531053,6.994448828797449,22171.25499549955,4.819802763205428,0.0,Christofides + GLS,Gradient Boosting Regressor
52,LightGBM Ranker (LTR),25.927092709270926,26.926192619261926,14.704732887102514,25.927092709270926,17.901651927655966,22028.46486648665,4.36998852830022,0.6440326857540627,Christofides + GLS,LightGBM Ranker (LTR)
52,Single Best Solver (SBS: Christofides + GLS),20.53105310531053,21.363636363636363,4.215241416130812,20.53105310531053,6.994448828797449,22171.25499549955,4.819802763205428,0.0,Christofides + GLS,Single Best Solver (SBS)
52,Uniform Random Selection (1/9),11.138613861386139,11.732673267326732,16.11918334673855,11.138613861386139,12.612120494435306,22311.223559855986,5.963964316685928,-0.6313064568733199,Christofides + GLS,Uniform Random Selection (1/9)
52,Virtual Best Solver (VBS / Upper Bound),100.0,100.0,100.0,100.0,100.0,21852.003555355535,3.3673600453889216,1.439934005579822,Christofides + GLS,Virtual Best Solver (VBS / Upper Bound)
53,Gradient Boosting Classifier,22.56978289765175,23.628710677891004,21.40267388926339,22.56978289765175,21.69676554835282,24264.997060995425,4.334442506071681,0.5615816923191327,Christofides + GLS,Gradient Boosting Classifier
53,Random Forest Classifier,26.783340717766947,27.80239255649092,24.901924591842832,26.783340717766947,21.737287994717,24237.11843893073,4.166711242202443,0.6758288144490989,Christofides + GLS,Random Forest Classifier
53,Multi-Layer Perceptron (MLP),21.90518387239699,23.008418254319892,22.341809051692994,21.90518387239699,21.185998627206693,24287.58485452666,4.453972989557526,0.469016485896054,Christofides + GLS,Multi-Layer Perceptron (MLP)
53,Gradient Boosting Regressor,18.95436420026584,19.831634913602127,3.638871494636197,18.95436420026584,6.1055881077594565,24401.152732240436,4.626185330472042,0.0036131684330198252,Christofides + GLS,Gradient Boosting Regressor
53,LightGBM Ranker (LTR),24.59016393442623,25.702259636685866,15.286125865678276,24.59016393442623,17.721866263726675,24253.906247230836,4.2328977687396705,0.6070320575396001,Christofides + GLS,LightGBM Ranker (LTR)
53,Single Best Solver (SBS: Christofides + GLS),19.00753212228622,19.88480283562251,3.6128627737974255,19.00753212228622,6.0716539690698355,24402.034418845073,4.626201393688805,0.0,Christofides + GLS,Single Best Solver (SBS)
53,Uniform Random Selection (1/9),10.94816127603013,11.581745680106335,15.72369476959519,10.94816127603013,12.572791738404145,24558.39456505686,5.718240068788792,-0.6407668456160962,Christofides + GLS,Uniform Random Selection (1/9)
53,Virtual Best Solver (VBS / Upper Bound),100.0,100.0,100.0,100.0,100.0,24060.19354600502,3.1514622903320455,1.4008703822500086,Christofides + GLS,Virtual Best Solver (VBS / Upper Bound)
54,Gradient Boosting Classifier,23.24121779859485,25.405152224824356,20.321454679310797,23.24121779859485,21.077597441613264,20740.286401249024,4.308292608803872,0.5728573409713559,PCI + GLS,Gradient Boosting Classifier
54,Random Forest Classifier,23.358313817330213,25.75175644028103,16.943160367748643,23.358313817330213,18.114242765755876,20740.91274004684,4.322525219627925,0.5698547268416199,PCI + GLS,Random Forest Classifier
54,Multi-Layer Perceptron (MLP),21.634660421545668,23.358313817330213,20.527084444555506,21.634660421545668,20.55340944388814,20764.40141295863,4.474781249600207,0.45725205649801565,PCI + GLS,Multi-Layer Perceptron (MLP)
54,Gradient Boosting Regressor,23.11007025761124,25.288056206088992,5.501646612615065,23.11007025761124,8.705151354613392,20886.689445745513,4.832747782034345,-0.12898621650197967,PCI + GLS,Gradient Boosting Regressor
54,LightGBM Ranker (LTR),24.960187353629976,27.19906323185012,21.891656816028316,24.960187353629976,17.51752820198925,20733.652396565183,4.301808272402174,0.6046601867633616,PCI + GLS,LightGBM Ranker (LTR)
54,Single Best Solver (SBS: PCI + GLS),17.784543325526933,19.88758782201405,3.1628998129754455,17.784543325526933,5.370653438344594,20859.78320062451,4.723013669243952,0.0,PCI + GLS,Single Best Solver (SBS)
54,Uniform Random Selection (1/9),11.119437939110071,12.398126463700235,15.524468244474896,11.119437939110071,12.44970652323492,21016.402958626073,5.924207209006176,-0.7508216000867759,PCI + GLS,Uniform Random Selection (1/9)
54,Virtual Best Solver (VBS / Upper Bound),100.0,100.0,100.0,100.0,100.0,20551.368852459018,3.224056490517803,1.4785117620793884,PCI + GLS,Virtual Best Solver (VBS / Upper Bound)
55,Gradient Boosting Classifier,25.618670189343902,27.454865697930426,24.42772554416544,25.618670189343902,24.434499805550125,21655.098341406137,4.900921903103103,0.37758418857572756,PCI + GLS,Gradient Boosting Classifier
55,Random Forest Classifier,27.225891677675033,29.251431087626596,23.95626361293763,27.225891677675033,23.10839820901487,21651.62135623074,4.8356646340531535,0.3935797595702699,PCI + GLS,Random Forest Classifier
55,Multi-Layer Perceptron (MLP),23.064729194187585,24.64993394980185,21.64090337821591,23.064729194187585,21.624723005581618,21689.437244972847,5.05998216043119,0.2196110186691246,PCI + GLS,Multi-Layer Perceptron (MLP)
55,Gradient Boosting Regressor,24.15675913694408,25.86966094231616,6.080986298810353,24.15675913694408,9.70889966830974,21764.438140319977,5.1587177041563965,-0.12542414416891698,PCI + GLS,Gradient Boosting Regressor
55,LightGBM Ranker (LTR),28.08454425363276,29.621312197269926,17.348803700639944,28.08454425363276,20.677099811980206,21639.973954205198,4.792702763342405,0.4471626299603159,PCI + GLS,LightGBM Ranker (LTR)
55,Single Best Solver (SBS: PCI + GLS),23.61074416556583,25.473359753412595,5.574672400518009,23.61074416556583,9.019721445979195,21737.174475267868,5.111205287085177,0.0,PCI + GLS,Single Best Solver (SBS)
55,Uniform Random Selection (1/9),11.0259797446059,12.087186261558784,17.335751245490698,11.0259797446059,12.749917773190903,21927.397592837224,6.483183639428387,-0.8751050776437761,PCI + GLS,Uniform Random Selection (1/9)
55,Virtual Best Solver (VBS / Upper Bound),100.0,100.0,100.0,100.0,100.0,21459.450447673564,3.658316174824646,1.2776454819842984,PCI + GLS,Virtual Best Solver (VBS / Upper Bound)
56,Gradient Boosting Classifier,25.936612021857925,26.736612021857926,23.91830637451887,25.936612021857925,23.863436467380595,21579.527344262297,4.2238837332749455,0.5255676504832707,PCI + GLS,Gradient Boosting Classifier
56,Random Forest Classifier,27.440437158469944,28.638251366120222,34.70506847986653,27.440437158469944,22.75093817062544,21600.591358834245,4.328361422934959,0.42846956028327365,PCI + GLS,Random Forest Classifier
56,Multi-Layer Perceptron (MLP),23.05136612021858,24.004371584699456,23.28184062934475,23.05136612021858,22.601656580908873,21636.917515482695,4.466552255801937,0.26101807933111815,PCI + GLS,Multi-Layer Perceptron (MLP)
56,Gradient Boosting Regressor,23.182513661202186,24.06120218579235,5.402480615699965,23.182513661202186,8.76285504657568,21693.852918032786,4.525008456500107,-0.0014351597463064794,PCI + GLS,Gradient Boosting Regressor
56,LightGBM Ranker (LTR),26.94207650273224,28.056830601092898,16.565811475376474,26.94207650273224,19.15158894788391,21588.607038251364,4.224512814802466,0.48371328587829265,PCI + GLS,LightGBM Ranker (LTR)
56,Single Best Solver (SBS: PCI + GLS),20.721311475409838,21.6,4.293727492609515,20.721311475409838,7.113454020890286,21693.541581056466,4.649217489595364,0.0,PCI + GLS,Single Best Solver (SBS)
56,Uniform Random Selection (1/9),11.462295081967214,12.03497267759563,16.968378013489648,11.462295081967214,13.23017636514332,21850.51389435337,5.804616719580854,-0.7235900726969279,PCI + GLS,Uniform Random Selection (1/9)
56,Virtual Best Solver (VBS / Upper Bound),100.0,100.0,100.0,100.0,100.0,21398.230309653918,3.1557962698590893,1.361286585222323,PCI + GLS,Virtual Best Solver (VBS / Upper Bound)
57,Gradient Boosting Classifier,26.44097222222222,27.71267361111111,24.028791409566267,26.44097222222222,24.546641894903868,23474.108651620372,4.377116645714381,0.7838883605730746,PCI + GLS,Gradient Boosting Classifier
57,Random Forest Classifier,27.547743055555557,29.01909722222222,21.826471206034025,27.547743055555557,22.426030462112635,23492.018663194445,4.482255663030029,0.70818956688644,PCI + GLS,Random Forest Classifier
57,Multi-Layer Perceptron (MLP),29.166666666666668,30.6640625,27.675129100793818,29.166666666666668,27.91423613923229,23505.58200231481,4.543402425537917,0.6508625012098997,PCI + GLS,Multi-Layer Perceptron (MLP)
57,Gradient Boosting Regressor,21.40625,22.881944444444443,4.669797678027003,21.40625,7.584203512493376,23681.7132884838,4.9553849222201976,-0.09357732443314348,PCI + GLS,Gradient Boosting Regressor
57,LightGBM Ranker (LTR),29.822048611111114,31.08940972222222,18.06892130023823,29.822048611111114,20.90590115192785,23492.608622685188,4.431194914359806,0.7056960329437917,PCI + GLS,LightGBM Ranker (LTR)
57,Single Best Solver (SBS: PCI + GLS),18.776041666666668,19.84809027777778,3.5253974066840286,18.776041666666668,5.936209621428049,23659.573292824076,4.941605060025139,0.0,PCI + GLS,Single Best Solver (SBS)
57,Uniform Random Selection (1/9),11.315104166666666,12.018229166666666,16.53914546030954,11.315104166666666,13.0087962411915,23791.279947916668,6.001214678058616,-0.5566738396441768,PCI + GLS,Uniform Random Selection (1/9)
57,Virtual Best Solver (VBS / Upper Bound),100.0,100.0,100.0,100.0,100.0,23274.361827256944,3.2729749708139013,1.6281420666363682,PCI + GLS,Virtual Best Solver (VBS / Upper Bound)
58,Gradient Boosting Classifier,25.16844164312106,26.720278200391217,24.331452621641827,25.16844164312106,24.222152133741425,23583.39671085996,4.614026171329318,0.805648829989588,PCI + GLS,Gradient Boosting Classifier
58,Random Forest Classifier,26.776787654857642,28.463377526624644,31.269118948378953,26.776787654857642,22.061350827082798,23567.54956168949,4.4618168270492315,0.8723036761566468,PCI + GLS,Random Forest Classifier
58,Multi-Layer Perceptron (MLP),22.52988480765051,24.073027602695067,23.36126080001374,22.52988480765051,22.03384332363978,23634.41312033616,4.698039910863417,0.5910682206287267,PCI + GLS,Multi-Layer Perceptron (MLP)
58,Gradient Boosting Regressor,20.508585090197784,21.96479026298631,4.809396054237614,20.508585090197784,7.279649529671113,23768.409599362454,4.973282916535929,0.027464344603594048,PCI + GLS,Gradient Boosting Regressor
58,LightGBM Ranker (LTR),26.9463160182569,28.602477722234298,14.451672570325469,26.9463160182569,18.7500455367679,23580.175360428897,4.515015195121695,0.8191981829440533,PCI + GLS,LightGBM Ranker (LTR)
58,Single Best Solver (SBS: PCI + GLS),19.148011301890893,20.89111062812432,3.666463368173414,19.148011301890893,6.154468426474234,23774.93923060204,5.048385438969617,0.0,PCI + GLS,Single Best Solver (SBS)
58,Uniform Random Selection (1/9),11.206259508802434,12.262551619213214,15.87172362050738,11.206259508802434,12.782889226724716,23890.931536622473,6.127062515581073,-0.4878763512090532,PCI + GLS,Uniform Random Selection (1/9)
58,Virtual Best Solver (VBS / Upper Bound),100.0,100.0,100.0,100.0,100.0,23376.158349634134,3.35381891431892,1.6773160894334282,PCI + GLS,Virtual Best Solver (VBS / Upper Bound)
59,Gradient Boosting Classifier,26.223100570926654,27.61528326745718,24.220033517865776,26.223100570926654,24.148335432880945,20344.681291172594,4.542638075382973,0.595426484243778,PCI + GLS,Gradient Boosting Classifier
59,Random Forest Classifier,25.300834431269216,26.50856389986825,21.03234010749923,25.300834431269216,20.091640833969592,20331.757121944076,4.5024511455704985,0.6585742677759631,PCI + GLS,Random Forest Classifier
59,Multi-Layer Perceptron (MLP),21.958717610891522,23.184014053579272,22.469766774823437,21.958717610891522,21.38182516459694,20406.63814961206,4.886646275687289,0.29270387082916466,PCI + GLS,Multi-Layer Perceptron (MLP)
59,Gradient Boosting Regressor,20.636802810715853,21.62933684672815,4.3167770021989975,20.636802810715853,7.128967255921971,20519.921212121215,5.079360047118271,-0.2607997380067901,PCI + GLS,Gradient Boosting Regressor
59,LightGBM Ranker (LTR),26.728151075977163,27.77777777777778,15.180928805819685,26.728151075977163,18.04362426557513,20335.622178304788,4.524131825391648,0.6396895148691873,PCI + GLS,LightGBM Ranker (LTR)
59,Single Best Solver (SBS: PCI + GLS),22.415458937198068,23.684672815107596,5.0245279936521285,22.415458937198068,8.20897628007885,20466.544517640166,4.87119026565235,0.0,PCI + GLS,Single Best Solver (SBS)
59,Uniform Random Selection (1/9),11.339481774264383,12.129995608256477,16.907082780854694,11.339481774264383,13.040773282609857,20657.507400087834,6.3199511575101095,-0.9330489681982039,PCI + GLS,Uniform Random Selection (1/9)
59,Virtual Best Solver (VBS / Upper Bound),100.0,100.0,100.0,100.0,100.0,20165.487988581466,3.463653840823524,1.4709690187281919,PCI + GLS,Virtual Best Solver (VBS / Upper Bound)
60,Gradient Boosting Classifier,24.770797962648558,25.517826825127333,23.4090628588568,24.770797962648558,23.491488614141158,24045.159238822867,4.915441247578465,0.531692176269263,Christofides + GLS,Gradient Boosting Classifier
60,Random Forest Classifier,28.064516129032256,28.98132427843803,22.920829326054115,28.064516129032256,24.313858287792094,24019.957350028293,4.778426471792955,0.6359455608054202,Christofides + GLS,Random Forest Classifier
60,Multi-Layer Perceptron (MLP),27.635823429541595,28.484719864176572,27.42934508502546,27.635823429541595,26.807959232067542,24063.044291171478,4.902602323176756,0.4577065613358912,Christofides + GLS,Multi-Layer Perceptron (MLP)
60,Gradient Boosting Regressor,20.0,20.36926994906621,4.034246575342466,20.0,6.714163579367341,24173.043208828523,5.158400777011897,0.0026708473647234013,Christofides + GLS,Gradient Boosting Regressor
60,LightGBM Ranker (LTR),32.325976230899826,32.93718166383701,19.252229129571592,32.325976230899826,23.565117731492702,24000.59312393888,4.6345095343878615,0.7160501166662969,Christofides + GLS,LightGBM Ranker (LTR)
60,Single Best Solver (SBS: Christofides + GLS),20.0,20.36926994906621,4.0,20.0,6.666666666666667,24173.68885116016,5.159529917151168,0.0,Christofides + GLS,Single Best Solver (SBS)
60,Uniform Random Selection (1/9),11.252122241086587,11.740237691001699,16.117422701924195,11.252122241086587,12.735908781791968,24322.375473967175,6.372056954988383,-0.6150762662764977,Christofides + GLS,Uniform Random Selection (1/9)
60,Virtual Best Solver (VBS / Upper Bound),100.0,100.0,100.0,100.0,100.0,23801.67665534805,3.5739230421731603,1.5389136432698758,Christofides + GLS,Virtual Best Solver (VBS / Upper Bound)
61,Gradient Boosting Classifier,26.365678346810423,27.964959568733157,24.21298686159603,26.365678346810423,24.565802884051955,22428.308438155134,4.46212175445707,0.5960911389191206,PCI + GLS,Gradient Boosting Classifier
61,Random Forest Classifier,27.165318957771788,28.82749326145553,24.262980624608403,27.165318957771788,22.04549763755362,22411.6455375861,4.3420892672952585,0.6699423370196287,PCI + GLS,Random Forest Classifier
61,Multi-Layer Perceptron (MLP),24.68104222821204,26.1455525606469,19.952753454252097,24.68104222821204,21.494550191019517,22442.217714884697,4.553959773975167,0.5344442037451408,PCI + GLS,Multi-Layer Perceptron (MLP)
61,Gradient Boosting Regressor,20.251572327044027,21.621743036837376,4.1012618171749535,20.251572327044027,6.8211362858872135,22588.289607666968,4.9118017270290055,-0.11295714430270161,PCI + GLS,Gradient Boosting Regressor
61,LightGBM Ranker (LTR),29.016172506738545,30.354896675651393,26.548003171705588,29.016172506738545,21.758384791637173,22416.45783168613,4.370720187743775,0.6486138964263007,PCI + GLS,LightGBM Ranker (LTR)
61,Single Best Solver (SBS: PCI + GLS),21.10062893081761,22.735849056603776,4.452365412760571,21.10062893081761,7.353166456805305,22562.803309374063,4.842904468181596,0.0,PCI + GLS,Single Best Solver (SBS)
61,Uniform Random Selection (1/9),11.320754716981133,12.205750224618148,16.360312762157776,11.320754716981133,12.987633841353958,22706.34369571728,6.0106980217099375,-0.6361815257396777,PCI + GLS,Uniform Random Selection (1/9)
61,Virtual Best Solver (VBS / Upper Bound),100.0,100.0,100.0,100.0,100.0,22215.052747828693,3.2790528719819165,1.541256007851169,PCI + GLS,Virtual Best Solver (VBS / Upper Bound)
62,Gradient Boosting Classifier,26.56278229448961,28.211382113821138,25.346633017411115,26.56278229448961,24.98195249531422,23806.256398675097,4.28972103988208,0.5970595701600266,PCI + GLS,Gradient Boosting Classifier
62,Random Forest Classifier,29.905149051490515,31.666666666666664,23.992796965368196,29.905149051490515,23.921305479349506,23781.544180969588,4.150377700349433,0.7002453488617439,PCI + GLS,Random Forest Classifier
62,Multi-Layer Perceptron (MLP),20.51490514905149,22.073170731707318,19.204883224240916,20.51490514905149,19.120889595756243,23841.219278831675,4.497194226799315,0.45107218620270056,PCI + GLS,Multi-Layer Perceptron (MLP)
62,Gradient Boosting Regressor,21.991869918699187,23.54110207768744,7.06571581193112,21.991869918699187,8.578544353488553,23923.445009033425,4.617462894587596,0.10773893698593168,PCI + GLS,Gradient Boosting Regressor
62,LightGBM Ranker (LTR),25.514905149051494,27.321589882565494,19.083413649968982,25.514905149051494,19.260321125973295,23792.748863294186,4.191032600986141,0.6534602369569043,PCI + GLS,LightGBM Ranker (LTR)
62,Single Best Solver (SBS: PCI + GLS),20.392953929539296,21.933152664859982,4.158725699723122,20.392953929539296,6.908586530997556,23949.247673893406,4.593315108521539,0.0,PCI + GLS,Single Best Solver (SBS)
62,Uniform Random Selection (1/9),10.934959349593495,11.942186088527553,16.168758377027157,10.934959349593495,12.604619599349315,24070.90921409214,5.8073011184081045,-0.5079973360973408,PCI + GLS,Uniform Random Selection (1/9)
62,Virtual Best Solver (VBS / Upper Bound),100.0,100.0,100.0,100.0,100.0,23602.367472146947,3.1090342601833956,1.4483970706294285,PCI + GLS,Virtual Best Solver (VBS / Upper Bound)
63,Gradient Boosting Classifier,23.930434782608696,25.21304347826087,21.832422155930388,23.930434782608696,22.728104541732446,23714.97145652174,4.5557384325461205,0.607102680381153,PCI + GLS,Gradient Boosting Classifier
63,Random Forest Classifier,30.769565217391303,32.0,24.745854019963527,30.769565217391303,24.840184876205605,23702.372630434784,4.525892250834108,0.6599061943935727,PCI + GLS,Random Forest Classifier
63,Multi-Layer Perceptron (MLP),26.265217391304347,27.343478260869563,29.650433007634692,26.265217391304347,24.122060050155536,23712.02851449275,4.521679992531725,0.619436978798554,PCI + GLS,Multi-Layer Perceptron (MLP)
63,Gradient Boosting Regressor,18.195652173913043,18.956521739130437,3.310817580340265,18.195652173913043,5.602266275359654,23882.36973188406,5.086013152393982,-0.09448785811358362,PCI + GLS,Gradient Boosting Regressor
63,LightGBM Ranker (LTR),28.834782608695654,30.243478260869566,20.548250390048224,28.834782608695654,21.81807566274019,23692.15778985507,4.461220977466272,0.7027180781327972,PCI + GLS,LightGBM Ranker (LTR)
63,Single Best Solver (SBS: PCI + GLS),21.821739130434782,23.230434782608693,4.7618829867674854,21.821739130434782,7.8177885503160125,23859.8250942029,4.932239214179587,0.0,PCI + GLS,Single Best Solver (SBS)
63,Uniform Random Selection (1/9),11.108695652173912,11.765217391304347,16.01809229863398,11.108695652173912,12.779832726270296,23999.973594202896,6.121254830910353,-0.5873827634807216,PCI + GLS,Uniform Random Selection (1/9)
63,Virtual Best Solver (VBS / Upper Bound),100.0,100.0,100.0,100.0,100.0,23496.022876811592,3.3498676212511347,1.5247480480470907,PCI + GLS,Virtual Best Solver (VBS / Upper Bound)
64,Gradient Boosting Classifier,24.20552677029361,25.33246977547496,23.711454267927458,24.20552677029361,22.78932968630841,24137.58277921704,4.612268338505468,0.8421157125974228,PCI + GLS,Gradient Boosting Classifier
64,Random Forest Classifier,25.405872193436963,26.632124352331605,19.249405893822242,25.405872193436963,21.394323568339356,24127.21184513529,4.546032979126134,0.8847198080876993,PCI + GLS,Random Forest Classifier
64,Multi-Layer Perceptron (MLP),23.467184801381695,24.46027633851468,20.60563641119858,23.467184801381695,21.37306256439033,24173.801856649396,4.7636435562572075,0.6933267007943676,PCI + GLS,Multi-Layer Perceptron (MLP)
64,Gradient Boosting Regressor,22.04663212435233,22.98791018998273,8.371719435518646,22.04663212435233,8.335797406680545,24291.378936384568,4.992783907207531,0.21031667556229197,PCI + GLS,Gradient Boosting Regressor
64,LightGBM Ranker (LTR),28.93782383419689,29.89205526770294,20.593556799172756,28.93782383419689,20.36331209358392,24105.05559873345,4.4475711895473236,0.9757383055508634,PCI + GLS,LightGBM Ranker (LTR)
64,Single Best Solver (SBS: PCI + GLS),19.810017271157168,21.139896373056995,3.924367842835453,19.810017271157168,6.550984520691156,24342.57543177893,5.090966459549562,0.0,PCI + GLS,Single Best Solver (SBS)
64,Uniform Random Selection (1/9),11.010362694300518,11.735751295336788,16.307332830977792,11.010362694300518,12.74831581546132,24447.948934945303,6.234042716031986,-0.43287738169565565,PCI + GLS,Uniform Random Selection (1/9)
64,Virtual Best Solver (VBS / Upper Bound),100.0,100.0,100.0,100.0,100.0,23924.008930627515,3.3834495182687294,1.7194832252834698,PCI + GLS,Virtual Best Solver (VBS / Upper Bound)
65,Gradient Boosting Classifier,25.58313200087854,26.40017570832418,24.766269560696944,25.58313200087854,23.48251715068614,21731.047031261438,4.831869897362118,0.7289671739773148,PCI + GLS,Gradient Boosting Classifier
65,Random Forest Classifier,26.347463211069627,27.564243356028996,21.42045210047909,26.347463211069627,19.47789815713154,21742.612929204188,4.830083039239708,0.6761322308341955,PCI + GLS,Random Forest Classifier
65,Multi-Layer Perceptron (MLP),26.28157258950143,27.353393367010764,26.775111100019718,26.28157258950143,25.016362539363307,21754.844754374408,4.971829129164934,0.6202552214913745,PCI + GLS,Multi-Layer Perceptron (MLP)
65,Gradient Boosting Regressor,22.97386338677795,24.142323742587305,7.589613175242134,22.97386338677795,9.2762548208232,21884.393000951753,5.282896487066788,0.02845731041820288,PCI + GLS,Gradient Boosting Regressor
65,LightGBM Ranker (LTR),27.05908192400615,28.126509993410938,14.348315340125554,27.05908192400615,18.37063767539294,21694.908763452666,4.601044345825272,0.894052784659552,PCI + GLS,LightGBM Ranker (LTR)
65,Single Best Solver (SBS: PCI + GLS),16.600043927081046,17.58401054249945,2.755614583810203,16.600043927081046,4.726609855367637,21890.622483344316,5.3732698520614965,0.0,PCI + GLS,Single Best Solver (SBS)
65,Uniform Random Selection (1/9),10.867559850647925,11.596749396002636,15.458145208159532,10.867559850647925,12.291217779816655,22004.389171974522,6.437057290197967,-0.51970513271958,PCI + GLS,Uniform Random Selection (1/9)
65,Virtual Best Solver (VBS / Upper Bound),100.0,100.0,100.0,100.0,100.0,21508.393425580205,3.5798329837048493,1.7460858322093542,PCI + GLS,Virtual Best Solver (VBS / Upper Bound)
66,Gradient Boosting Classifier,20.366888328365054,21.595964228387984,20.129447820801126,20.366888328365054,19.46268941575443,22277.05263318811,4.460217783280852,0.7659916699017082,Christofides + GLS,Gradient Boosting Classifier
66,Random Forest Classifier,23.02224260490713,24.36597110754414,18.828615369639707,23.02224260490713,17.418057163278515,22262.420362302226,4.345079283481739,0.8311716968508169,Christofides + GLS,Random Forest Classifier
66,Multi-Layer Perceptron (MLP),20.53657418023389,21.930749828021096,20.045535695593493,20.53657418023389,19.138214457422077,22306.64094626615,4.585423106014982,0.6341893639680355,Christofides + GLS,Multi-Layer Perceptron (MLP)
66,Gradient Boosting Regressor,16.02843384544829,16.90896583352442,2.599706646381132,16.02843384544829,4.473793400620845,22448.069724069406,4.92020703457444,0.004189303110101528,Christofides + GLS,Gradient Boosting Regressor
66,LightGBM Ranker (LTR),22.581976610869066,24.150424214629673,11.781692722515736,22.581976610869066,14.722298196706701,22248.04833753726,4.324699043077493,0.8951924472045788,Christofides + GLS,LightGBM Ranker (LTR)
66,Single Best Solver (SBS: Christofides + GLS),16.074294886493924,16.954826874570053,2.583829560979647,16.074294886493924,4.452027149518862,22449.010181151112,4.921050738599436,0.0,Christofides + GLS,Single Best Solver (SBS)
66,Uniform Random Selection (1/9),11.047924787892685,11.781701444622792,16.09861474119148,11.047924787892685,12.74343072962624,22534.623144538717,5.88709712632902,-0.3813663172529883,Christofides + GLS,Uniform Random Selection (1/9)
66,Virtual Best Solver (VBS / Upper Bound),100.0,100.0,100.0,100.0,100.0,22057.061683100208,3.124076456601859,1.7459500213510366,Christofides + GLS,Virtual Best Solver (VBS / Upper Bound)
67,Gradient Boosting Classifier,26.473707467962882,27.534246575342465,26.967171969141212,26.473707467962882,25.607336552282263,23571.704175872736,4.430255260728092,0.8353499086829338,PCI + GLS,Gradient Boosting Classifier
67,Random Forest Classifier,26.11577551922227,27.273530711444984,29.86006830276759,26.11577551922227,20.46010270196568,23577.69801148917,4.495565775295225,0.8101342260503214,PCI + GLS,Random Forest Classifier
67,Multi-Layer Perceptron (MLP),19.695095006628367,20.932390631904553,18.725599183136328,19.695095006628367,18.8380928710548,23607.26635734276,4.649234268548443,0.68574208840626,PCI + GLS,Multi-Layer Perceptron (MLP)
67,Gradient Boosting Regressor,19.46973044631021,20.702607158638976,3.7907040365197866,19.46973044631021,6.34588196082577,23731.400626012666,4.912747192779778,0.16351716885238832,PCI + GLS,Gradient Boosting Regressor
67,LightGBM Ranker (LTR),23.552806009721607,24.794520547945208,11.96073016947801,23.552806009721607,15.521251445172709,23588.698254529387,4.551107858835231,0.7638569079631948,PCI + GLS,LightGBM Ranker (LTR)
67,Single Best Solver (SBS: PCI + GLS),18.753866548828988,19.97348652231551,3.517075105312869,18.753866548828988,5.923302049060819,23770.269097068787,5.0740483578242825,0.0,PCI + GLS,Single Best Solver (SBS)
67,Uniform Random Selection (1/9),11.175430844012373,11.948740609809986,15.873280969223714,11.175430844012373,12.818224372316466,23866.541869200177,6.061679160939587,-0.4050133876829409,PCI + GLS,Uniform Random Selection (1/9)
67,Virtual Best Solver (VBS / Upper Bound),100.0,100.0,100.0,100.0,100.0,23367.632464280457,3.32508767190986,1.6938665319442283,PCI + GLS,Virtual Best Solver (VBS / Upper Bound)
68,Gradient Boosting Classifier,25.686361617059084,26.645935139937805,22.312755550797625,25.686361617059084,23.077545145426342,23931.577832074632,4.210382331337581,0.6805301587710325,PCI + GLS,Gradient Boosting Classifier
68,Random Forest Classifier,28.245224344735675,29.38249666814749,30.12627979736412,28.245224344735675,23.542687248374865,23923.026891751815,4.19222481897763,0.7160177837603019,PCI + GLS,Random Forest Classifier
68,Multi-Layer Perceptron (MLP),22.705464238116395,23.829409151488225,20.709469835138073,22.705464238116395,20.869537514763152,23990.019383977495,4.442136201104976,0.43798936215412215,PCI + GLS,Multi-Layer Perceptron (MLP)
68,Gradient Boosting Regressor,21.021768103065305,21.981341625944026,12.149058511332619,21.021768103065305,8.06307351023347,24063.050562712866,4.617624250974403,0.13489952809580905,PCI + GLS,Gradient Boosting Regressor
68,LightGBM Ranker (LTR),28.671701466015104,29.840071079520214,15.520943679896279,28.671701466015104,20.044491851309097,23905.047090182143,4.07022149117259,0.7906365311024429,PCI + GLS,LightGBM Ranker (LTR)
68,Single Best Solver (SBS: PCI + GLS),19.14260328742781,20.306530430919594,3.66439260619842,19.14260328742781,6.15127167795417,24095.555353176365,4.690918980144581,0.0,PCI + GLS,Single Best Solver (SBS)
68,Uniform Random Selection (1/9),10.870724122612172,11.563749444691249,15.484112829719685,10.870724122612172,12.45903986624259,24183.608766474157,5.587285726192887,-0.3654342554349316,PCI + GLS,Uniform Random Selection (1/9)
68,Virtual Best Solver (VBS / Upper Bound),100.0,100.0,100.0,100.0,100.0,23718.102783947874,3.059132589081459,1.5664821320614812,PCI + GLS,Virtual Best Solver (VBS / Upper Bound)
69,Gradient Boosting Classifier,26.044520547945204,26.943493150684933,26.851456073045142,26.044520547945204,25.176777236133447,24224.998116438357,4.584956633515062,0.5278640257124363,Christofides + GLS,Gradient Boosting Classifier
69,Random Forest Classifier,25.03424657534247,26.053082191780824,22.750389868361374,25.03424657534247,19.259086165090416,24211.042843892697,4.478123366625405,0.5851668482574724,Christofides + GLS,Random Forest Classifier
69,Multi-Layer Perceptron (MLP),19.430650684931507,20.16267123287671,19.605911921887184,19.430650684931507,18.479419196626672,24261.52174657534,4.83354059568294,0.37789152681695143,Christofides + GLS,Multi-Layer Perceptron (MLP)
69,Gradient Boosting Regressor,19.190924657534246,20.055650684931507,3.6979299622837267,19.190924657534246,6.200982659357713,24353.720305365292,4.929518637204257,-0.0006920971117553198,Christofides + GLS,Gradient Boosting Regressor
69,LightGBM Ranker (LTR),25.02568493150685,26.040239726027398,16.70855198564002,25.02568493150685,17.719016882512882,24221.254566210046,4.558024018848492,0.5432357064674698,Christofides + GLS,LightGBM Ranker (LTR)
69,Single Best Solver (SBS: Christofides + GLS),19.25513698630137,20.111301369863014,3.70760300361231,19.25513698630137,6.217934249722418,24353.551755136985,4.927555555113523,0.0,Christofides + GLS,Single Best Solver (SBS)
69,Uniform Random Selection (1/9),11.091609589041095,11.58390410958904,17.083034378680345,11.091609589041095,12.731671651152023,24497.34726740868,6.103069601579841,-0.5904498601168696,Christofides + GLS,Uniform Random Selection (1/9)
69,Virtual Best Solver (VBS / Upper Bound),100.0,100.0,100.0,100.0,100.0,24004.56417665525,3.3445978539879184,1.4330048528060013,Christofides + GLS,Virtual Best Solver (VBS / Upper Bound)
70,Gradient Boosting Classifier,24.44755898154637,25.550105115627193,22.737596408938717,24.44755898154637,22.945290516110227,21506.77185237094,4.411481740073062,0.5947545286908666,PCI + GLS,Gradient Boosting Classifier
70,Random Forest Classifier,27.498248072880166,29.091333800513898,24.983451309676493,27.498248072880166,21.832650155058317,21488.32679280542,4.244904788922652,0.6800084053037563,PCI + GLS,Random Forest Classifier
70,Multi-Layer Perceptron (MLP),20.569960289651952,21.86405045550105,20.513387077986128,20.569960289651952,19.923481448901818,21579.80791092424,4.673667048093524,0.257178653585876,PCI + GLS,Multi-Layer Perceptron (MLP)
70,Gradient Boosting Regressor,21.256715720626023,22.65358561083859,4.638299951017901,21.256715720626023,7.602938021810552,21651.448773651016,4.680709201583466,-0.07394856504161813,PCI + GLS,Gradient Boosting Regressor
70,LightGBM Ranker (LTR),27.558981546367672,28.965195047886006,15.775145665952461,27.558981546367672,19.76769051553933,21502.357977108153,4.358690866910345,0.6151556542986034,PCI + GLS,LightGBM Ranker (LTR)
70,Single Best Solver (SBS: PCI + GLS),22.074281709880868,23.76547535622518,4.872739130071811,22.074281709880868,7.9832362096584095,21635.44966908043,4.765817681515366,0.0,PCI + GLS,Single Best Solver (SBS)
70,Uniform Random Selection (1/9),10.98341508993226,11.782293856575567,15.944975606171937,10.98341508993226,12.496095895529919,21796.940045160787,6.0285730663187485,-0.7464156213547332,PCI + GLS,Uniform Random Selection (1/9)
70,Virtual Best Solver (VBS / Upper Bound),100.0,100.0,100.0,100.0,100.0,21309.52710425913,3.1615782731442392,1.5064284302215396,PCI + GLS,Virtual Best Solver (VBS / Upper Bound)
71,Gradient Boosting Classifier,25.617325295824962,26.465728957356554,24.16356065792279,25.617325295824962,24.311362180850036,22531.940723375752,4.47578431920159,0.5009448471407973,PCI + GLS,Gradient Boosting Classifier
71,Random Forest Classifier,26.00580486715785,27.00156284885019,27.209824259606417,26.00580486715785,21.1725338573042,22518.375880032745,4.389792566912337,0.5608459942499545,PCI + GLS,Random Forest Classifier
71,Multi-Layer Perceptron (MLP),22.40232194686314,23.24626032596562,22.269814099071375,22.40232194686314,21.41882854606323,22568.44732455161,4.678442884321453,0.3397349288104313,PCI + GLS,Multi-Layer Perceptron (MLP)
71,Gradient Boosting Regressor,19.834784550122794,20.553695021210093,5.134079117092192,19.834784550122794,6.6390898893918315,22692.025794448167,4.93919167551641,-0.2059766520471894,PCI + GLS,Gradient Boosting Regressor
71,LightGBM Ranker (LTR),27.381111855324846,28.42598794373744,23.097651220167236,27.381111855324846,21.102141847579272,22505.590005209495,4.326435375778847,0.6173072853493182,PCI + GLS,LightGBM Ranker (LTR)
71,Single Best Solver (SBS: PCI + GLS),20.718910471087295,21.808439383791026,4.292732511089308,20.718910471087295,7.1119470749654194,22645.381595594252,4.8123215876229,0.0,PCI + GLS,Single Best Solver (SBS)
71,Uniform Random Selection (1/9),11.073900424201831,11.46684527796383,15.760728335584604,11.073900424201831,12.613405993661338,22818.30315546625,6.150806096542203,-0.7636062971252343,PCI + GLS,Uniform Random Selection (1/9)
71,Virtual Best Solver (VBS / Upper Bound),100.0,100.0,100.0,100.0,100.0,22312.10385502716,3.251592130953268,1.4717249924016895,PCI + GLS,Virtual Best Solver (VBS / Upper Bound)
72,Gradient Boosting Classifier,22.228360957642725,23.651012891344383,24.786617103973928,22.228360957642725,22.337736883322545,22921.19158993247,4.48156782007912,0.6612382411450289,PCI + GLS,Gradient Boosting Classifier
72,Random Forest Classifier,28.540515653775323,30.101289134438307,23.837207590063002,28.540515653775323,25.540616048022553,22897.463781461018,4.424320706510924,0.7640728212565037,PCI + GLS,Random Forest Classifier
72,Multi-Layer Perceptron (MLP),21.192449355432778,22.85911602209945,23.427651043325014,21.192449355432778,21.462887773249278,22947.54756752609,4.657078613076668,0.5470133689859299,PCI + GLS,Multi-Layer Perceptron (MLP)
72,Gradient Boosting Regressor,22.025782688766114,23.34254143646409,5.04499037772547,22.025782688766114,8.123142349194948,23023.464947820747,4.832146431592585,0.21799301570901952,PCI + GLS,Gradient Boosting Regressor
72,LightGBM Ranker (LTR),23.982504604051567,25.686003683241253,23.950669074653945,23.982504604051567,20.593380355965348,22927.610251688155,4.562872277437452,0.6334202322750776,PCI + GLS,LightGBM Ranker (LTR)
72,Single Best Solver (SBS: PCI + GLS),22.578268876611418,24.281767955801108,5.097782254645598,22.578268876611418,8.317595445530527,23073.764142111722,4.9509386653917655,0.0,PCI + GLS,Single Best Solver (SBS)
72,Uniform Random Selection (1/9),11.252302025782688,12.094843462246777,16.49910474865267,11.252302025782688,12.756822699071735,23205.12458563536,6.145151091114264,-0.5693065193636644,PCI + GLS,Uniform Random Selection (1/9)
72,Virtual Best Solver (VBS / Upper Bound),100.0,100.0,100.0,100.0,100.0,22713.238551258444,3.321604066525243,1.5624914454043763,PCI + GLS,Virtual Best Solver (VBS / Upper Bound)
73,Gradient Boosting Classifier,24.475743348982785,25.879722781131232,22.74576213891273,24.475743348982785,22.027833998987056,21702.577546762055,4.7221110792214915,0.5054146288313575,PCI + GLS,Gradient Boosting Classifier
73,Random Forest Classifier,25.98703331097697,27.829197406662193,20.86796642224456,25.98703331097697,20.595318872293756,21672.149832327297,4.523110453013244,0.6449092499175169,PCI + GLS,Random Forest Classifier
73,Multi-Layer Perceptron (MLP),25.356583948133242,26.82763246143528,24.90479112629783,25.356583948133242,23.629237241250177,21721.091601460615,4.74886251896996,0.42053769696446835,PCI + GLS,Multi-Layer Perceptron (MLP)
73,Gradient Boosting Regressor,19.213056114464568,20.599150458305388,3.6914152525756423,19.213056114464568,6.1929714292891935,21790.91585811163,4.984455385354941,0.10043122807273958,PCI + GLS,Gradient Boosting Regressor
73,LightGBM Ranker (LTR),23.38475296221775,25.213503241672257,11.6424723741221,23.38475296221775,14.956211830575016,21687.69181011998,4.614373387970966,0.5736576839226899,PCI + GLS,LightGBM Ranker (LTR)
73,Single Best Solver (SBS: PCI + GLS),19.928459646769507,21.363737983456293,3.971435038929206,19.928459646769507,6.623006833618052,21812.82274387063,4.9799846289726295,0.0,PCI + GLS,Single Best Solver (SBS)
73,Uniform Random Selection (1/9),10.887547507265817,11.68790520903197,15.137000271636674,10.887547507265817,12.263717768337008,21937.761904761905,6.172023789889695,-0.5727785090372198,PCI + GLS,Uniform Random Selection (1/9)
73,Virtual Best Solver (VBS / Upper Bound),100.0,100.0,100.0,100.0,100.0,21484.762642521797,3.443943645228487,1.5039782113528537,PCI + GLS,Virtual Best Solver (VBS / Upper Bound)
74,Gradient Boosting Classifier,29.201983769161405,30.820559062218216,28.67924603516272,29.201983769161405,27.904856808317824,22095.482920048093,4.638324449108446,0.728178779061013,PCI + GLS,Gradient Boosting Classifier
74,Random Forest Classifier,24.950405770964835,26.627592425608654,27.468860242817104,24.950405770964835,21.253385530469533,22083.765704839192,4.6480315358773945,0.7808225387667509,PCI + GLS,Random Forest Classifier
74,Multi-Layer Perceptron (MLP),21.045987376014427,22.8990081154193,21.707154986157356,21.045987376014427,19.892639013535018,22124.589374812138,4.77978651293523,0.5974076714926899,PCI + GLS,Multi-Layer Perceptron (MLP)
74,Gradient Boosting Regressor,19.111812443642922,20.77547339945897,25.942427970974393,19.111812443642922,7.722201051238316,22269.539307183644,5.19781063745783,-0.05383149012415198,PCI + GLS,Gradient Boosting Regressor
74,LightGBM Ranker (LTR),28.872858431018937,30.604147880973848,16.28213590033237,28.872858431018937,20.706361264073987,22064.895476405167,4.5790755120515305,0.8656037562798168,PCI + GLS,LightGBM Ranker (LTR)
74,Single Best Solver (SBS: PCI + GLS),20.315599639314698,21.889089269612263,4.127235887049235,20.315599639314698,6.8606829030017265,22257.557732191162,5.170654833074971,0.0,PCI + GLS,Single Best Solver (SBS)
74,Uniform Random Selection (1/9),10.978358881875563,12.055906221821461,15.72999694232472,10.978358881875563,12.565336099726403,22381.344424406372,6.29699824600031,-0.5561557728149875,PCI + GLS,Uniform Random Selection (1/9)
74,Virtual Best Solver (VBS / Upper Bound),100.0,100.0,100.0,100.0,100.0,21888.983152990684,3.4866831681776054,1.6559524797611007,PCI + GLS,Virtual Best Solver (VBS / Upper Bound)
75,Gradient Boosting Classifier,25.345201910551456,26.73035171515415,25.230941615241083,25.345201910551456,24.09930207611197,21232.230438558403,4.73170464035236,0.810100943768621,Christofides + GLS,Gradient Boosting Classifier
75,Random Forest Classifier,24.585323491098567,25.68823273990447,27.47494991655665,24.585323491098567,20.404060403349444,21255.202713851497,4.86483320975613,0.7027821355064472,Christofides + GLS,Random Forest Classifier
75,Multi-Layer Perceptron (MLP),21.74120712114633,22.71385149804603,20.324134327680774,21.74120712114633,20.480793448885475,21325.852149370385,5.07948765417894,0.3727315363582769,Christofides + GLS,Multi-Layer Perceptron (MLP)
75,Gradient Boosting Regressor,17.22535822839774,18.01128962223187,2.967129660966298,17.22535822839774,5.062265888213789,21405.637711680418,5.281025436322276,0.0,Christofides + GLS,Gradient Boosting Regressor
75,LightGBM Ranker (LTR),23.677811550151976,24.80243161094225,13.539624702834507,23.677811550151976,15.760243011724201,21238.1975177305,4.793507584128481,0.782224740067199,Christofides + GLS,LightGBM Ranker (LTR)
75,Single Best Solver (SBS: Christofides + GLS),17.22535822839774,18.01128962223187,2.967129660966298,17.22535822839774,5.062265888213789,21405.637711680418,5.281025436322276,0.0,Christofides + GLS,Single Best Solver (SBS)
75,Uniform Random Selection (1/9),11.432913590968303,11.819366044290057,16.845043710066655,11.432913590968303,13.188580099744504,21560.845730206976,6.604702889904815,-0.7250800962676585,Christofides + GLS,Uniform Random Selection (1/9)
75,Virtual Best Solver (VBS / Upper Bound),100.0,100.0,100.0,100.0,100.0,21057.66733970184,3.7087990667984534,1.6256015198683023,Christofides + GLS,Virtual Best Solver (VBS / Upper Bound)
76,Gradient Boosting Classifier,25.334503180522045,26.35227023470059,24.376938057394952,25.334503180522045,24.39350287194291,22220.200270527163,4.651790380363779,0.9198173724300422,Christofides + GLS,Gradient Boosting Classifier
76,Random Forest Classifier,26.260144768589605,27.361263434963806,20.81354179293896,26.260144768589605,21.173087717650073,22244.51289025371,4.84072022185956,0.8114070622918288,Christofides + GLS,Random Forest Classifier
76,Multi-Layer Perceptron (MLP),22.535643781531036,23.623601667032244,22.66293192393913,22.535643781531036,21.450818644493996,22293.93912407692,4.98350983547616,0.5910147969578411,Christofides + GLS,Multi-Layer Perceptron (MLP)
76,Gradient Boosting Regressor,16.837025663522702,17.499451634130292,3.0042777167453565,16.837025663522702,4.966658059604347,22426.522614608468,5.370613434040541,-0.0001768347706417187,Christofides + GLS,Gradient Boosting Regressor
76,LightGBM Ranker (LTR),26.479491116472907,27.527966659355123,20.305445368370556,26.479491116472907,19.019069550242058,22205.65986692988,4.599723600660507,0.9846532346795925,Christofides + GLS,LightGBM Ranker (LTR)
76,Single Best Solver (SBS: Christofides + GLS),16.937924983549024,17.600350954156614,2.868933027483342,16.937924983549024,4.906762332044027,22426.48295678877,5.366100705940297,0.0,Christofides + GLS,Single Best Solver (SBS)
76,Uniform Random Selection (1/9),10.800614169774073,11.270015354244352,15.572270173755468,10.800614169774073,12.399490907899693,22542.261161073337,6.4090040458316215,-0.516256626184539,Christofides + GLS,Uniform Random Selection (1/9)
76,Virtual Best Solver (VBS / Upper Bound),100.0,100.0,100.0,100.0,100.0,22028.890012429627,3.55726408490911,1.7728724790473,Christofides + GLS,Virtual Best Solver (VBS / Upper Bound)
77,Gradient Boosting Classifier,26.39175257731959,28.121918422232184,26.20508897136237,26.39175257731959,25.341146608914233,22175.79108023308,4.34158491335033,0.6315103312382104,PCI + GLS,Gradient Boosting Classifier
77,Random Forest Classifier,29.211116091438814,31.09367996414164,38.30974016056465,29.211116091438814,24.95755413975456,22165.68712834305,4.305033151349268,0.6767855791590528,PCI + GLS,Random Forest Classifier
77,Multi-Layer Perceptron (MLP),23.751680860600626,25.02017032720753,22.250684497641473,23.751680860600626,21.96825526942967,22206.062161960257,4.552022233248255,0.4958672932520521,PCI + GLS,Multi-Layer Perceptron (MLP)
77,Gradient Boosting Regressor,22.187359928283282,23.930972658000897,4.96574723719321,22.187359928283282,8.115227520227748,22298.683004631705,4.7313214733006905,0.08083843521444277,PCI + GLS,Gradient Boosting Regressor
77,LightGBM Ranker (LTR),27.942626624831913,29.587628865979383,23.593758247343395,27.942626624831913,21.274654065446846,22171.9788510384,4.334338471486023,0.6485927187830849,PCI + GLS,LightGBM Ranker (LTR)
77,Single Best Solver (SBS: PCI + GLS),19.264903630658896,20.75750784401614,3.711365118985744,19.264903630658896,6.223733899922726,22316.72349469595,4.799129485756735,0.0,PCI + GLS,Single Best Solver (SBS)
77,Uniform Random Selection (1/9),11.24607799193187,12.088749439713133,16.350303529960776,11.24607799193187,12.87866794607032,22455.78010608098,5.968828465061835,-0.623104961703177,PCI + GLS,Uniform Random Selection (1/9)
77,Virtual Best Solver (VBS / Upper Bound),100.0,100.0,100.0,100.0,100.0,21989.45019423278,3.279245174154944,1.4664935044831,PCI + GLS,Virtual Best Solver (VBS / Upper Bound)
78,Gradient Boosting Classifier,24.275979557069846,24.81260647359455,23.096694934973375,24.275979557069846,22.42150525112592,25270.489430721183,4.44867022876144,0.5996545638158413,PCI + GLS,Gradient Boosting Classifier
78,Random Forest Classifier,27.03151618398637,27.883304940374785,20.663682979083436,27.03151618398637,20.89332362260158,25242.537145088016,4.2771276302712025,0.7096036352528986,PCI + GLS,Random Forest Classifier
78,Multi-Layer Perceptron (MLP),22.964224872231686,23.739352640545146,20.384770865870706,22.964224872231686,20.856670416139778,25299.979968767748,4.623966069527213,0.48365484497526445,PCI + GLS,Multi-Layer Perceptron (MLP)
78,Gradient Boosting Regressor,23.13458262350937,24.05451448040886,9.919932636568833,23.13458262350937,9.206452248161757,25394.693746450885,4.670669166678762,0.11110241598176411,PCI + GLS,Gradient Boosting Regressor
78,LightGBM Ranker (LTR),25.208688245315162,26.00085178875639,21.583165736914278,25.208688245315162,18.63459523626917,25242.415026973307,4.272450630081141,0.7100839814218681,PCI + GLS,LightGBM Ranker (LTR)
78,Single Best Solver (SBS: PCI + GLS),18.475298126064736,19.25894378194208,3.4133664084697113,18.475298126064736,5.762157112004374,25422.939246166952,4.877771006225065,0.0,PCI + GLS,Single Best Solver (SBS)
78,Uniform Random Selection (1/9),11.098807495741056,11.66098807495741,15.86894131335406,11.098807495741056,12.54753998579078,25548.7965076661,5.965537962130925,-0.4950539364488389,PCI + GLS,Uniform Random Selection (1/9)
78,Virtual Best Solver (VBS / Upper Bound),100.0,100.0,100.0,100.0,100.0,25052.199048835893,3.2789376917157527,1.4582900652880089,PCI + GLS,Virtual Best Solver (VBS / Upper Bound)
79,Gradient Boosting Classifier,22.14894081677222,22.686176020965277,21.434431574222735,22.14894081677222,20.727997436054054,21480.122443037057,5.179094439044237,0.4917761816139039,PCI + GLS,Gradient Boosting Classifier
79,Random Forest Classifier,27.03210307927495,27.67853243066172,21.36080969074536,27.03210307927495,22.3416820761698,21445.702482346944,5.051528799837849,0.6512291438237199,PCI + GLS,Random Forest Classifier
79,Multi-Layer Perceptron (MLP),21.148722428477836,21.886874863507316,22.101261346959987,21.148722428477836,20.823392416638217,21530.476370386546,5.437728822234414,0.2585079641670327,PCI + GLS,Multi-Layer Perceptron (MLP)
79,Gradient Boosting Regressor,20.35815680279537,21.122515833151343,4.233693073345116,20.35815680279537,6.956160557688279,21587.778583387928,5.394260854077179,-0.006948690083961063,PCI + GLS,Gradient Boosting Regressor
79,LightGBM Ranker (LTR),28.093470189997817,29.05001091941472,15.832049285639657,28.093470189997817,19.4804526109299,21443.191220790566,5.009122755747935,0.6628627449673453,PCI + GLS,LightGBM Ranker (LTR)
79,Single Best Solver (SBS: PCI + GLS),19.095872461236077,19.95195457523477,3.646523450557944,19.095872461236077,6.12367729493704,21586.27861978598,5.500936837428956,0.0,PCI + GLS,Single Best Solver (SBS)
79,Uniform Random Selection (1/9),11.17274514086045,11.744922472155492,15.834857241354271,11.17274514086045,12.727180213409026,21734.634046735096,6.632294708086106,-0.6872672662213082,PCI + GLS,Uniform Random Selection (1/9)
79,Virtual Best Solver (VBS / Upper Bound),100.0,100.0,100.0,100.0,100.0,21216.221169105338,3.673411448806396,1.7143179572482958,PCI + GLS,Virtual Best Solver (VBS / Upper Bound)
80,Gradient Boosting Classifier,23.900773782430587,25.05689576695494,22.74260546751482,23.900773782430587,22.510774188858733,20813.321923835538,4.542301468384863,0.21574427713847516,PCI + GLS,Gradient Boosting Classifier
80,Random Forest Classifier,25.712335002275832,26.809285389167048,25.61185614565068,25.712335002275832,21.430150722459974,20802.73734638143,4.524318135763733,0.26648938103222997,PCI + GLS,Random Forest Classifier
80,Multi-Layer Perceptron (MLP),21.766044606281294,22.931269913518435,21.498302308770537,21.766044606281294,21.316581673812596,20856.188461538462,4.832515817784728,0.010231405346307643,PCI + GLS,Multi-Layer Perceptron (MLP)
80,Gradient Boosting Regressor,21.643149749658626,22.448793809740554,16.629670119222055,21.643149749658626,7.780484858736799,20882.94016082537,4.794340061873912,-0.11802291236588337,PCI + GLS,Gradient Boosting Regressor
80,LightGBM Ranker (LTR),23.331816112881203,24.319526627218934,13.00685556874327,23.331816112881203,16.55402255024069,20815.56670459718,4.612140047109348,0.20498223836441415,PCI + GLS,LightGBM Ranker (LTR)
80,Single Best Solver (SBS: PCI + GLS),22.216659080564405,23.72325898953118,4.935799407020249,22.216659080564405,8.077130309652144,20858.322561068126,4.648159622022528,0.0,PCI + GLS,Single Best Solver (SBS)
80,Uniform Random Selection (1/9),11.156121984524352,11.8525261720528,16.60346318168903,11.156121984524352,12.896995873354797,21059.839409801247,6.1529674923351365,-0.9661220270380254,PCI + GLS,Uniform Random Selection (1/9)
80,Virtual Best Solver (VBS / Upper Bound),100.0,100.0,100.0,100.0,100.0,20597.990691852527,3.31402020092899,1.2480959025032345,PCI + GLS,Virtual Best Solver (VBS / Upper Bound)
81,Gradient Boosting Classifier,19.35722543352601,21.262427745664738,18.251881011048777,19.35722543352601,17.899426182083037,23418.261448940273,4.309603071088153,0.41143341476517786,PCI + GLS,Gradient Boosting Classifier
81,Random Forest Classifier,24.14335260115607,26.034682080924853,23.244378595713535,24.14335260115607,19.235699099985656,23384.659560693643,4.099934356223286,0.5543289022177964,PCI + GLS,Random Forest Classifier
81,Multi-Layer Perceptron (MLP),20.665895953757225,22.400000000000002,20.181842017393254,20.665895953757225,19.82243934737529,23414.259098265895,4.326562740756343,0.42845382285575434,PCI + GLS,Multi-Layer Perceptron (MLP)
81,Gradient Boosting Regressor,23.181502890173412,24.45780346820809,12.610736603550965,23.181502890173412,10.569063659745002,23483.110065510595,4.503790079160229,0.13565799978166795,PCI + GLS,Gradient Boosting Regressor
81,LightGBM Ranker (LTR),24.272832369942197,26.020809248554915,12.60800993053444,24.272832369942197,16.51153369326786,23384.188084778423,4.052005234338203,0.5563339020628332,PCI + GLS,LightGBM Ranker (LTR)
81,Single Best Solver (SBS: PCI + GLS),16.615028901734107,18.61271676300578,2.7605918540545957,16.615028901734107,4.7345387297906765,23515.01005780347,4.484476797668072,0.0,PCI + GLS,Single Best Solver (SBS)
81,Uniform Random Selection (1/9),11.48670520231214,12.48092485549133,15.759526376178245,11.48670520231214,12.88566730999799,23631.34752986513,5.499223073016886,-0.49473707123953664,PCI + GLS,Uniform Random Selection (1/9)
81,Virtual Best Solver (VBS / Upper Bound),100.0,100.0,100.0,100.0,100.0,23180.35547591522,2.971294242506261,1.423153045929455,PCI + GLS,Virtual Best Solver (VBS / Upper Bound)
82,Gradient Boosting Classifier,20.300195779856427,21.205133782901893,20.24466300351751,20.300195779856427,19.158993092148123,21810.5234065695,4.713955592394349,0.8981746832371083,PCI + GLS,Gradient Boosting Classifier
82,Random Forest Classifier,24.994561670654775,26.00826626060474,22.836914407587138,24.994561670654775,19.759038240636507,21765.875665288953,4.504741385963604,1.1010433890766047,PCI + GLS,Random Forest Classifier
82,Multi-Layer Perceptron (MLP),21.779421361757667,22.60169675875571,22.58777431693375,21.779421361757667,21.485186081776302,21867.040743963455,4.789101091562152,0.6413733587857591,PCI + GLS,Multi-Layer Perceptron (MLP)
82,Gradient Boosting Regressor,19.495323036763107,20.513378290189255,3.8515944554434847,19.495323036763107,6.432376191892699,21980.75552171706,5.088262509365402,0.12468048393811386,PCI + GLS,Gradient Boosting Regressor
82,LightGBM Ranker (LTR),27.557102458124866,28.46204046117033,14.365431025616193,27.557102458124866,18.82764387320643,21771.16431730839,4.533211873546114,1.077013013517918,PCI + GLS,LightGBM Ranker (LTR)
82,Single Best Solver (SBS: PCI + GLS),17.7898629541005,18.90798346747879,3.1647922392567738,17.7898629541005,5.37362411312085,22008.19544630556,5.247981641429075,0.0,PCI + GLS,Single Best Solver (SBS)
82,Uniform Random Selection (1/9),10.933217315640634,11.49445290406787,15.155742335824057,10.933217315640634,12.37820845727432,22083.001283445727,6.190225534500044,-0.3398999128423542,PCI + GLS,Uniform Random Selection (1/9)
82,Virtual Best Solver (VBS / Upper Bound),100.0,100.0,100.0,100.0,100.0,21588.17898629541,3.412945713913344,1.9084547891937937,PCI + GLS,Virtual Best Solver (VBS / Upper Bound)
83,Gradient Boosting Classifier,27.439568176484393,29.035437690682937,24.182421347596623,27.439568176484393,25.2270633936287,21846.113549245092,4.4378477551600755,0.39227898628659363,PCI + GLS,Gradient Boosting Classifier
83,Random Forest Classifier,30.650082140342644,32.25064538840648,23.14199695149915,30.650082140342644,24.103088185648634,21817.172393021985,4.263256965343305,0.5242366733318101,PCI + GLS,Random Forest Classifier
83,Multi-Layer Perceptron (MLP),19.051865759211452,20.01408120159587,19.011225009869623,19.051865759211452,17.983872460002377,21943.910138465148,4.848114781923148,-0.05362620198249487,PCI + GLS,Multi-Layer Perceptron (MLP)
83,Gradient Boosting Regressor,19.99061253226942,21.36118282093405,4.012216945372052,19.99061253226942,6.68310162558547,21994.176437455997,4.866992229523286,-0.2828162350282333,PCI + GLS,Gradient Boosting Regressor
83,LightGBM Ranker (LTR),30.288664632715324,31.438629429711334,17.59294059861883,30.288664632715324,20.94076693808952,21827.928091997182,4.339256537204895,0.47519588351746017,PCI + GLS,LightGBM Ranker (LTR)
83,Single Best Solver (SBS: PCI + GLS),22.412579206758977,23.604787608542598,5.023237066992449,22.412579206758977,8.20706025400875,21932.14876007197,4.752535746445586,0.0,PCI + GLS,Single Best Solver (SBS)
83,Uniform Random Selection (1/9),10.950481107721192,11.668622389110537,16.14416550137012,10.950481107721192,12.638667666913278,22114.550481107723,6.035587173781764,-0.8316637053265814,PCI + GLS,Uniform Random Selection (1/9)
83,Virtual Best Solver (VBS / Upper Bound),100.0,100.0,100.0,100.0,100.0,21651.14455135727,3.2953684704510837,1.2812434011312037,PCI + GLS,Virtual Best Solver (VBS / Upper Bound)
84,Gradient Boosting Classifier,25.681818181818183,27.668181818181818,24.24704201076772,25.681818181818183,24.358914655421337,21372.15782575758,4.307623788009338,0.5860500664747027,PCI + GLS,Gradient Boosting Classifier
84,Random Forest Classifier,24.71363636363636,26.827272727272728,18.69172115598237,24.71363636363636,19.1461777666329,21373.96316666667,4.339168987929614,0.5776524085399057,PCI + GLS,Random Forest Classifier
84,Multi-Layer Perceptron (MLP),21.722727272727273,23.59090909090909,21.592433324937883,21.722727272727273,21.49518510930377,21409.71535606061,4.5798315398932585,0.4113488281808091,PCI + GLS,Multi-Layer Perceptron (MLP)
84,Gradient Boosting Regressor,19.845454545454547,21.71363636363636,3.9745529608006667,19.845454545454547,6.6227359585305,21549.399651515152,4.908756234019001,-0.23840154649037507,PCI + GLS,Gradient Boosting Regressor
84,LightGBM Ranker (LTR),23.963636363636365,25.781818181818185,13.16516663364137,23.963636363636365,16.967191919926986,21374.780227272728,4.388365328373491,0.5738517992216671,PCI + GLS,LightGBM Ranker (LTR)
84,Single Best Solver (SBS: PCI + GLS),21.55,23.322727272727274,4.644024999999999,21.55,7.641341011929247,21498.147734848488,4.696225797873508,0.0,PCI + GLS,Single Best Solver (SBS)
84,Uniform Random Selection (1/9),10.98181818181818,12.10909090909091,15.6611437969868,10.98181818181818,12.49508571511222,21652.42535606061,5.970453619290199,-0.7176321565696414,PCI + GLS,Uniform Random Selection (1/9)
84,Virtual Best Solver (VBS / Upper Bound),100.0,100.0,100.0,100.0,100.0,21166.770621212123,3.118184043599372,1.5414216969920747,PCI + GLS,Virtual Best Solver (VBS / Upper Bound)
85,Gradient Boosting Classifier,26.635409689662872,28.30542531815137,24.050449916765032,26.635409689662872,24.797132251899853,20745.041571779417,4.943522717598402,0.5563984959785622,Christofides + GLS,Gradient Boosting Classifier
85,Random Forest Classifier,27.202500558160303,28.997544094663986,24.417234571438883,27.202500558160303,23.698626995650145,20730.81102180546,4.893464596902195,0.6246141771039364,Christofides + GLS,Random Forest Classifier
85,Multi-Layer Perceptron (MLP),23.880330430899754,25.269033266354096,23.76214015004398,23.880330430899754,22.44883552617495,20763.491850859566,5.038442082399219,0.4679550867843268,Christofides + GLS,Multi-Layer Perceptron (MLP)
85,Gradient Boosting Regressor,22.947086403215003,24.273275284661754,5.28930598906131,22.947086403215003,8.597002043167011,20863.11303862469,5.312393455542647,-0.009589856338325797,Christofides + GLS,Gradient Boosting Regressor
85,LightGBM Ranker (LTR),29.685197588747485,31.01585175262335,25.834933044383334,29.685197588747485,21.681197991288066,20717.640894544915,4.836127322078663,0.6877466072089028,Christofides + GLS,LightGBM Ranker (LTR)
85,Single Best Solver (SBS: Christofides + GLS),22.947086403215003,24.273275284661754,5.265687743966149,22.947086403215003,8.565778820812225,20861.112487906525,5.304622213969535,0.0,Christofides + GLS,Single Best Solver (SBS)
85,Uniform Random Selection (1/9),11.368609064523332,12.132172359901764,17.14807830960142,11.368609064523332,13.127727164063424,21003.73448686463,6.582601380617042,-0.6836739845048246,Christofides + GLS,Uniform Random Selection (1/9)
85,Virtual Best Solver (VBS / Upper Bound),100.0,100.0,100.0,100.0,100.0,20521.218739301927,3.7227421302138293,1.6293174623435787,Christofides + GLS,Virtual Best Solver (VBS / Upper Bound)
86,Gradient Boosting Classifier,26.234446627373938,27.456887142545295,24.981729118833375,26.234446627373938,23.987163696647777,21594.63687695554,4.485231678931643,0.8954568067823939,PCI + GLS,Gradient Boosting Classifier
86,Random Forest Classifier,25.51844575420214,27.015935385287055,27.784531959129282,25.51844575420214,21.342398808869675,21594.935596303574,4.506702485058142,0.8940858902581441,PCI + GLS,Random Forest Classifier
86,Multi-Layer Perceptron (MLP),24.41388343156516,25.50098231827112,22.501805665418846,24.41388343156516,22.56170252740139,21629.52391035436,4.685639235817952,0.735349298234929,PCI + GLS,Multi-Layer Perceptron (MLP)
86,Gradient Boosting Regressor,19.05697445972495,20.240122244051516,3.822885026350218,19.05697445972495,6.352240049736489,21787.886473113587,4.9817508086300215,0.00857396366523628,PCI + GLS,Gradient Boosting Regressor
86,LightGBM Ranker (LTR),29.770792403405373,31.09364767518009,15.791269677352698,29.770792403405373,20.603913995824982,21581.616553881973,4.433715993304934,0.9552111419808273,PCI + GLS,LightGBM Ranker (LTR)
86,Single Best Solver (SBS: PCI + GLS),19.79480462781052,21.31412355380921,3.9183429025318883,19.79480462781052,6.541757657530735,21789.75471876592,5.031083202807952,0.0,PCI + GLS,Single Best Solver (SBS)
86,Uniform Random Selection (1/9),11.14603798297315,11.923160881903515,15.831216270263493,11.14603798297315,12.64291564001879,21915.87721749254,6.24245118710087,-0.5788155963866879,PCI + GLS,Uniform Random Selection (1/9)
86,Virtual Best Solver (VBS / Upper Bound),100.0,100.0,100.0,100.0,100.0,21403.13113585098,3.322381030156301,1.7743365536004256,PCI + GLS,Virtual Best Solver (VBS / Upper Bound)
87,Gradient Boosting Classifier,25.141242937853107,26.379834854411126,24.83905816847175,25.141242937853107,23.475685652874827,23811.655867014342,4.576162635877225,0.6590661192394348,PCI + GLS,Gradient Boosting Classifier
87,Random Forest Classifier,23.189917427205565,24.889178617992176,22.273197319106767,23.189917427205565,18.32011849265908,23820.45782992902,4.611143638271582,0.62234480843219,PCI + GLS,Random Forest Classifier
87,Multi-Layer Perceptron (MLP),22.35115167318557,23.776618861364625,21.576867597961243,22.35115167318557,21.036809033843614,23860.045712009272,4.714260747319958,0.4571863163820137,PCI + GLS,Multi-Layer Perceptron (MLP)
87,Gradient Boosting Regressor,21.40373750543242,22.63798348544111,4.581199792014544,21.40373750543242,7.5470490219620325,23975.669831957115,5.029770771649226,-0.025191226738425512,PCI + GLS,Gradient Boosting Regressor
87,LightGBM Ranker (LTR),24.7283789656671,26.345067362016515,17.090011371308698,24.7283789656671,17.685536510091474,23812.608242792987,4.5808617278965675,0.6550928592618692,PCI + GLS,LightGBM Ranker (LTR)
87,Single Best Solver (SBS: PCI + GLS),18.52238157322903,20.256410256410255,3.430786191442943,18.52238157322903,5.789262999787484,23969.63158771549,5.062609487900836,0.0,PCI + GLS,Single Best Solver (SBS)
87,Uniform Random Selection (1/9),11.342894393741851,12.199043893959148,15.820936083517829,11.342894393741851,12.774532535651604,24103.356859336516,6.115024707963381,-0.5578945639263075,PCI + GLS,Uniform Random Selection (1/9)
87,Virtual Best Solver (VBS / Upper Bound),100.0,100.0,100.0,100.0,100.0,23619.06182819064,3.458351274194379,1.4625579798419492,PCI + GLS,Virtual Best Solver (VBS / Upper Bound)
88,Gradient Boosting Classifier,24.2380522993688,25.68079350766456,23.84655913726231,24.2380522993688,22.56816738990387,20745.103644424406,4.709608512042192,0.9387835463990197,PCI + GLS,Gradient Boosting Classifier
88,Random Forest Classifier,21.871055004508566,23.57078449053201,18.20837965685925,21.871055004508566,15.80486476664708,20761.80645476405,4.860658907019754,0.8590249325690212,PCI + GLS,Random Forest Classifier
88,Multi-Layer Perceptron (MLP),19.828674481514877,21.21731289449955,18.747938089670548,19.828674481514877,17.72030125660268,20807.845912233242,5.088280636593056,0.6391790961763056,PCI + GLS,Multi-Layer Perceptron (MLP)
88,Gradient Boosting Regressor,16.17673579801623,17.60595130748422,2.6168678107881984,16.17673579801623,4.504977339590362,20929.472670574094,5.337493028755351,0.05839170455528768,PCI + GLS,Gradient Boosting Regressor
88,LightGBM Ranker (LTR),21.677186654643823,22.953110910730388,11.750435618953588,21.677186654643823,14.02838417835855,20764.24936880072,4.8382893720503795,0.8473596239587575,PCI + GLS,LightGBM Ranker (LTR)
88,Single Best Solver (SBS: PCI + GLS),20.220919747520288,21.438232642019837,4.08885595435656,20.220919747520288,6.80223701988588,20941.7008866847,5.434759235087234,0.0,PCI + GLS,Single Best Solver (SBS)
88,Uniform Random Selection (1/9),10.88818755635708,11.785392245266005,15.45016432705234,10.88818755635708,12.464738999161176,21076.168657950104,6.535383750151867,-0.6421052998178528,PCI + GLS,Uniform Random Selection (1/9)
88,Virtual Best Solver (VBS / Upper Bound),100.0,100.0,100.0,100.0,100.0,20570.5977006312,3.684167164263042,1.7720775789012335,PCI + GLS,Virtual Best Solver (VBS / Upper Bound)
89,Gradient Boosting Classifier,23.087567567567568,24.198918918918917,22.82948785243486,23.087567567567568,21.916810333712338,22613.00892252252,4.74812001259346,0.45989779578460427,PCI + GLS,Gradient Boosting Classifier
89,Random Forest Classifier,22.715675675675676,23.822702702702703,22.985428269214037,22.715675675675676,18.427380088721478,22610.92116756757,4.76247005487553,0.4690878749246798,PCI + GLS,Random Forest Classifier
89,Multi-Layer Perceptron (MLP),16.87351351351351,17.9027027027027,16.670106904993386,16.87351351351351,16.115517778142163,22638.59950990991,4.939357541468255,0.3472507043367472,PCI + GLS,Multi-Layer Perceptron (MLP)
89,Gradient Boosting Regressor,28.103783783783783,29.163243243243244,7.932529459752913,28.103783783783783,12.372746972687361,22704.633326126124,4.870554762589408,0.05657674592559005,PCI + GLS,Gradient Boosting Regressor
89,LightGBM Ranker (LTR),22.274594594594593,23.416216216216217,18.058150618317896,22.274594594594593,16.63185393842982,22604.28699099099,4.72735556767167,0.49829082693942833,PCI + GLS,LightGBM Ranker (LTR)
89,Single Best Solver (SBS: PCI + GLS),18.028108108108107,19.074594594594593,3.250126819576333,18.028108108108107,5.507377643636162,22717.48614054054,5.080843320973553,0.0,PCI + GLS,Single Best Solver (SBS)
89,Uniform Random Selection (1/9),10.87135135135135,11.398918918918918,17.109586469220474,10.87135135135135,12.60503832858344,22864.01881801802,6.28899639941417,-0.6450215335049114,PCI + GLS,Uniform Random Selection (1/9)
89,Virtual Best Solver (VBS / Upper Bound),100.0,100.0,100.0,100.0,100.0,22371.115711711715,3.440246610419753,1.5246864317910087,PCI + GLS,Virtual Best Solver (VBS / Upper Bound)
90,Gradient Boosting Classifier,27.529095792300808,28.831692032229185,25.658417441872643,27.529095792300808,25.733720231312823,22846.64095792301,4.350713545928563,0.7748255863142226,PCI + GLS,Gradient Boosting Classifier
90,Random Forest Classifier,28.777976723366162,30.322291853178157,26.327437328603736,28.777976723366162,25.01504542847558,22863.223291554757,4.472077961573008,0.7028069053262185,PCI + GLS,Random Forest Classifier
90,Multi-Layer Perceptron (MLP),28.406445837063565,29.753804834377796,27.66460768273059,28.406445837063565,27.08355028326166,22863.55520740078,4.499650609661098,0.7013653626603696,PCI + GLS,Multi-Layer Perceptron (MLP)
90,Gradient Boosting Regressor,18.7645478961504,20.19695613249776,11.342980789834828,18.7645478961504,6.02313389507325,23041.665017905103,4.925983659119559,-0.07218279457765202,PCI + GLS,Gradient Boosting Regressor
90,LightGBM Ranker (LTR),27.162041181736797,28.675022381378696,15.326616320024453,27.162041181736797,18.52672774230322,22843.793979409133,4.345702195964038,0.7871902897343759,PCI + GLS,LightGBM Ranker (LTR)
90,Single Best Solver (SBS: PCI + GLS),21.602506714413607,23.218442256042973,4.66668296346285,21.602506714413607,7.675307178367081,23025.044897045656,4.9114225579767075,0.0,PCI + GLS,Single Best Solver (SBS)
90,Uniform Random Selection (1/9),11.101163831692032,11.89794091316025,15.670150767607183,11.101163831692032,12.578872033825203,23163.53207251567,6.118251878448114,-0.6014632157689457,PCI + GLS,Uniform Random Selection (1/9)
90,Virtual Best Solver (VBS / Upper Bound),100.0,100.0,100.0,100.0,100.0,22672.60459564309,3.2899894259597513,1.5306823633937328,PCI + GLS,Virtual Best Solver (VBS / Upper Bound)
91,Gradient Boosting Classifier,26.8409680207433,27.687986171132238,24.33431217455527,26.8409680207433,25.05187925213693,23711.153543647364,4.239913133030945,0.795473050957341,PCI + GLS,Gradient Boosting Classifier
91,Random Forest Classifier,29.507346585998274,30.630942091616248,25.836103423957894,29.507346585998274,24.237636232861735,23704.233225295306,4.186775132042918,0.8244268050287736,PCI + GLS,Random Forest Classifier
91,Multi-Layer Perceptron (MLP),22.484874675885912,23.094209161624892,21.564240265905443,22.484874675885912,21.59540159179287,23773.09307836358,4.55017542324495,0.5363257163641492,PCI + GLS,Multi-Layer Perceptron (MLP)
91,Gradient Boosting Regressor,16.22731201382887,16.75021607605877,2.656214324844263,16.22731201382887,4.565166256746761,23950.734788245463,4.92937429990087,-0.20690517549487017,PCI + GLS,Gradient Boosting Regressor
91,LightGBM Ranker (LTR),28.62143474503025,29.732065687121867,17.284271334253066,28.62143474503025,19.628497876832952,23704.3714491501,4.187326976008965,0.8238484935559535,PCI + GLS,LightGBM Ranker (LTR)
91,Single Best Solver (SBS: PCI + GLS),20.812445980985306,22.065687121866898,4.331579077114315,20.812445980985306,7.170749738476551,23901.28179919332,4.819783364402562,0.0,PCI + GLS,Single Best Solver (SBS)
91,Uniform Random Selection (1/9),11.1495246326707,11.637856525496975,16.03043680646673,11.1495246326707,12.860354479561217,24022.857123307407,5.888314718248035,-0.5086560843703015,PCI + GLS,Uniform Random Selection (1/9)
91,Virtual Best Solver (VBS / Upper Bound),100.0,100.0,100.0,100.0,100.0,23515.144734946698,3.1528824172080325,1.6155496073003632,PCI + GLS,Virtual Best Solver (VBS / Upper Bound)
92,Gradient Boosting Classifier,24.738583719391134,25.55923229649239,22.837374991671815,24.738583719391134,22.668468459124032,22433.561100080886,4.730359806645646,0.4299091146452889,Christofides + GLS,Gradient Boosting Classifier
92,Random Forest Classifier,23.89146260754467,25.241561879549966,25.234375831548224,23.89146260754467,19.244974847711028,22440.047599088168,4.715728584460496,0.4011191560292002,Christofides + GLS,Random Forest Classifier
92,Multi-Layer Perceptron (MLP),21.906022501654533,23.053165673946612,20.393976295990807,21.906022501654533,20.855372131593,22456.40502242812,4.73100344183416,0.3285176585967042,Christofides + GLS,Multi-Layer Perceptron (MLP)
92,Gradient Boosting Regressor,19.54114273108317,20.67063754687845,3.9315373179908337,19.54114273108317,6.504733777703415,22536.849746304877,5.004117782956579,-0.028531694019322713,Christofides + GLS,Gradient Boosting Regressor
92,LightGBM Ranker (LTR),26.424001764835648,27.549084491506726,14.387263990707504,26.424001764835648,18.185197306453773,22426.31498639606,4.670260575228324,0.46207058000270146,Christofides + GLS,LightGBM Ranker (LTR)
92,Single Best Solver (SBS: Christofides + GLS),19.576439444076772,20.71034634899625,3.832369813076048,19.576439444076772,6.409907889703242,22530.421435399665,4.939002488106289,0.0,Christofides + GLS,Single Best Solver (SBS)
92,Uniform Random Selection (1/9),10.99492609750717,11.555261416280608,15.735652106731077,10.99492609750717,12.448162922076103,22685.340598573424,6.163950906519195,-0.6875999351274955,Christofides + GLS,Uniform Random Selection (1/9)
92,Virtual Best Solver (VBS / Upper Bound),100.0,100.0,100.0,100.0,100.0,22207.368828590337,3.439127882783649,1.4338507059692605,Christofides + GLS,Virtual Best Solver (VBS / Upper Bound)
93,Gradient Boosting Classifier,27.42135578201152,28.80815241470979,24.711020406340616,27.42135578201152,25.350766620373673,22941.239100575986,4.358127738694618,1.1316480806212366,PCI + GLS,Gradient Boosting Classifier
93,Random Forest Classifier,26.973859105006646,28.46699158174568,19.582578490797317,26.973859105006646,21.10211813139871,22968.098560035447,4.501638271515958,1.0158936316762512,PCI + GLS,Random Forest Classifier
93,Multi-Layer Perceptron (MLP),25.688967656180772,27.075764288879046,26.639492490598325,25.688967656180772,24.55608790532336,22977.13805198641,4.5525544871896955,0.9769367267130045,PCI + GLS,Multi-Layer Perceptron (MLP)
93,Gradient Boosting Regressor,18.901196278245457,20.11962782454586,3.5725522074875995,18.901196278245457,6.009278828662627,23173.444048146506,5.008261538499363,0.13092966374868245,PCI + GLS,Gradient Boosting Regressor
93,LightGBM Ranker (LTR),28.103677447939745,29.69871510855117,16.629479600672045,28.103677447939745,19.65126468283291,22929.46172648058,4.346855051904485,1.1824042565037178,PCI + GLS,LightGBM Ranker (LTR)
93,Single Best Solver (SBS: PCI + GLS),17.616304829419583,19.07842268498006,3.1033419584303172,17.616304829419583,5.277060800254069,23203.82473785261,5.2714893244713865,0.0,PCI + GLS,Single Best Solver (SBS)
93,Uniform Random Selection (1/9),11.28046078865751,12.042534337616305,15.847835649762976,11.28046078865751,12.861379127815056,23289.519251218433,6.235983546064828,-0.36931201788482976,PCI + GLS,Uniform Random Selection (1/9)
93,Virtual Best Solver (VBS / Upper Bound),100.0,100.0,100.0,100.0,100.0,22745.10739181805,3.2855135729590597,1.9769040286115085,PCI + GLS,Virtual Best Solver (VBS / Upper Bound)
94,Gradient Boosting Classifier,25.146425495262704,26.261843238587424,23.77216030307057,25.146425495262704,24.197941235609214,23432.20986218777,4.354450646339851,0.7192437253266644,PCI + GLS,Gradient Boosting Classifier
94,Random Forest Classifier,25.22394487510767,26.692506459948323,25.395260978509732,25.22394487510767,22.248963723174274,23437.203940568477,4.344647887575999,0.6980841385250939,PCI + GLS,Random Forest Classifier
94,Multi-Layer Perceptron (MLP),25.83118001722653,26.7786391042205,25.471869753503324,25.83118001722653,25.0497615945112,23469.78664944014,4.574719091360243,0.560033310315499,PCI + GLS,Multi-Layer Perceptron (MLP)
94,Gradient Boosting Regressor,22.60551248923342,23.8931955211025,9.858551690892305,22.60551248923342,8.507235161996856,23613.57948607522,4.774247025207223,-0.04920762991047185,PCI + GLS,Gradient Boosting Regressor
94,LightGBM Ranker (LTR),27.157622739018088,28.557278208441,15.86183102173638,27.157622739018088,19.915356356942812,23418.5705928797,4.285983598755338,0.7770324264309642,PCI + GLS,LightGBM Ranker (LTR)
94,Single Best Solver (SBS: PCI + GLS),20.11197243755383,21.57622739018088,4.044914353289251,20.11197243755383,6.735239245849867,23601.965518231413,4.871759716112547,0.0,PCI + GLS,Single Best Solver (SBS)
94,Uniform Random Selection (1/9),11.291989664082687,11.856158484065462,16.31450092729287,11.291989664082687,12.878773223804188,23730.869487510765,5.943972922699175,-0.5461577730879231,PCI + GLS,Uniform Random Selection (1/9)
94,Virtual Best Solver (VBS / Upper Bound),100.0,100.0,100.0,100.0,100.0,23236.155842664368,3.238411541299431,1.5499119142618611,PCI + GLS,Virtual Best Solver (VBS / Upper Bound)
95,Gradient Boosting Classifier,24.26500111532456,24.938657149230426,24.945061299524955,24.26500111532456,22.830319025781716,22564.919570228267,4.613404945569697,0.6555992323707931,Christofides + GLS,Gradient Boosting Classifier
95,Random Forest Classifier,25.05911220165068,26.303814409993308,23.166332008258316,25.05911220165068,18.091005188573337,22560.874064986245,4.631563913897774,0.6734099891439411,Christofides + GLS,Random Forest Classifier
95,Multi-Layer Perceptron (MLP),23.430738344858355,24.684363149676557,22.509856590974728,23.430738344858355,21.831502313124872,22577.54989962079,4.697309238808494,0.5999928961242653,Christofides + GLS,Multi-Layer Perceptron (MLP)
95,Gradient Boosting Regressor,16.457729199196965,17.506134285076957,2.7744056184832453,16.457729199196965,4.748346118679652,22712.544040449106,5.060948919148311,0.005667178011621074,Christofides + GLS,Gradient Boosting Regressor
95,LightGBM Ranker (LTR),25.821994200312293,26.865937987954496,13.526732576506076,25.821994200312293,17.048435923698552,22532.1956948472,4.5050672229938975,0.7996694906497502,Christofides + GLS,LightGBM Ranker (LTR)
95,Single Best Solver (SBS: Christofides + GLS),16.529109971001564,17.577515056881552,2.7321147643346326,16.529109971001564,4.689154092079693,22713.831273700645,5.056652547509277,0.0,Christofides + GLS,Single Best Solver (SBS)
95,Uniform Random Selection (1/9),11.34508141869284,11.911666294891814,15.406195935571773,11.34508141869284,12.668995461250606,22825.022083426276,6.112777405317138,-0.48952908201961487,Christofides + GLS,Uniform Random Selection (1/9)
95,Virtual Best Solver (VBS / Upper Bound),100.0,100.0,100.0,100.0,100.0,22355.587062235114,3.420690681185697,1.5772073286479271,Christofides + GLS,Virtual Best Solver (VBS / Upper Bound)
96,Gradient Boosting Classifier,24.718134480416573,26.081050486755718,21.810383509533033,24.718134480416573,22.557688557479075,21105.711840615804,4.44255460007067,0.6275184817687918,PCI + GLS,Gradient Boosting Classifier
96,Random Forest Classifier,23.36427439438533,24.70002263980077,16.334682856715098,23.36427439438533,18.056359878218274,21107.80507131537,4.495991025995992,0.6176628781967836,PCI + GLS,Random Forest Classifier
96,Multi-Layer Perceptron (MLP),22.571881367443964,23.98913289563052,20.840625169485406,22.571881367443964,20.924560015557113,21161.9911402913,4.68401456778661,0.3625374326056155,PCI + GLS,Multi-Layer Perceptron (MLP)
96,Gradient Boosting Regressor,21.014263074484944,22.24586823635952,4.415992525636614,21.014263074484944,7.298300900148516,21253.40566749679,4.855273874643952,-0.06787157154577231,PCI + GLS,Gradient Boosting Regressor
96,LightGBM Ranker (LTR),28.163912157573012,29.612859406837224,16.143319879787416,28.163912157573012,20.101683899318708,21081.751792317562,4.357809866121606,0.740330097632469,PCI + GLS,LightGBM Ranker (LTR)
96,Single Best Solver (SBS: PCI + GLS),22.33189947928458,23.617840163006566,4.987137343528709,22.33189947928458,8.153453620448722,21238.990430910875,4.757937411438117,0.0,PCI + GLS,Single Best Solver (SBS)
96,Uniform Random Selection (1/9),10.984831333484266,11.78175232057958,16.09521259396584,10.984831333484266,12.550370257787385,21389.877971473852,6.028443814790215,-0.7104270848174483,PCI + GLS,Uniform Random Selection (1/9)
96,Virtual Best Solver (VBS / Upper Bound),100.0,100.0,100.0,100.0,100.0,20913.29298920836,3.28494051019292,1.533488339579932,PCI + GLS,Virtual Best Solver (VBS / Upper Bound)
97,Gradient Boosting Classifier,20.93902981753449,21.975967957276367,20.76287536789911,20.93902981753449,20.40756424949716,21401.130685358254,4.676329943074217,0.6363197390020638,PCI + GLS,Gradient Boosting Classifier
97,Random Forest Classifier,27.178460169114377,28.179795282599017,23.187100085047852,27.178460169114377,23.21409323488404,21367.851342530783,4.521239472952412,0.7908329761118811,PCI + GLS,Random Forest Classifier
97,Multi-Layer Perceptron (MLP),22.425456163773923,23.47129506008011,23.150197026168463,22.425456163773923,21.82906321581071,21438.246105919003,4.726610016608766,0.46399591015530767,PCI + GLS,Multi-Layer Perceptron (MLP)
97,Gradient Boosting Regressor,21.401869158878505,22.340898976412994,4.648652437087221,21.401869158878505,7.638223354349247,21503.774818276223,4.959836794424659,0.1597515167956447,PCI + GLS,Gradient Boosting Regressor
97,LightGBM Ranker (LTR),25.59857587894971,26.599910992434356,14.580783006989249,25.59857587894971,18.27100996277852,21384.41214953271,4.590741882739114,0.7139425185002515,PCI + GLS,LightGBM Ranker (LTR)
97,Single Best Solver (SBS: PCI + GLS),21.388518024032045,22.38985313751669,4.574687032643436,21.388518024032045,7.537264820611379,21538.182391336595,4.974228660338215,0.0,PCI + GLS,Single Best Solver (SBS)
97,Uniform Random Selection (1/9),11.299510458388964,11.873609256786827,16.651082033145737,11.299510458388964,13.076195794597437,21660.253656727487,6.135796968627416,-0.5667667919833084,PCI + GLS,Uniform Random Selection (1/9)
97,Virtual Best Solver (VBS / Upper Bound),100.0,100.0,100.0,100.0,100.0,21193.618298472036,3.4351632723448926,1.5997825935542016,PCI + GLS,Virtual Best Solver (VBS / Upper Bound)
98,Gradient Boosting Classifier,26.47379454926625,27.450733752620543,24.259439327535848,26.47379454926625,25.011221306786062,25309.029105520614,4.292725224306725,0.7800886439648533,PCI + GLS,Gradient Boosting Classifier
98,Random Forest Classifier,26.301886792452827,27.58909853249476,21.96161392903698,26.301886792452827,22.494079921048538,25294.183689727462,4.28389478523004,0.8382876698104842,PCI + GLS,Random Forest Classifier
98,Multi-Layer Perceptron (MLP),21.17400419287212,22.138364779874216,21.115453370801635,21.17400419287212,20.926318383855914,25341.121083158632,4.401142584711772,0.654277291691785,PCI + GLS,Multi-Layer Perceptron (MLP)
98,Gradient Boosting Regressor,21.10691823899371,22.029350104821802,4.455019975475653,21.10691823899371,7.35716842647101,25481.61436757512,4.730335382957179,0.1034963364918318,PCI + GLS,Gradient Boosting Regressor
98,LightGBM Ranker (LTR),30.792452830188676,31.92033542976939,18.580048441520958,30.792452830188676,22.73865492618149,25273.915038434658,4.161989447665826,0.9177476038993749,PCI + GLS,LightGBM Ranker (LTR)
98,Single Best Solver (SBS: PCI + GLS),16.60377358490566,17.77358490566038,2.7568529725881095,16.60377358490566,4.728582768516822,25508.01422781272,4.884953196538614,0.0,PCI + GLS,Single Best Solver (SBS)
98,Uniform Random Selection (1/9),10.922431865828091,11.49685534591195,15.432777435929943,10.922431865828091,12.42370466891997,25603.320545073377,5.892429858710496,-0.37363283715256346,PCI + GLS,Uniform Random Selection (1/9)
98,Virtual Best Solver (VBS / Upper Bound),100.0,100.0,100.0,100.0,100.0,25102.159273235502,3.217767984224724,1.591088004548365,PCI + GLS,Virtual Best Solver (VBS / Upper Bound)
99,Gradient Boosting Classifier,24.604378929113373,25.423802297853893,24.438556850909997,24.604378929113373,23.910030063762527,22596.1635667317,4.674838310787899,0.5979552177642017,Christofides + GLS,Gradient Boosting Classifier
99,Random Forest Classifier,26.564058096683286,27.63928029481899,23.572419629368962,26.564058096683286,22.03234545991805,22582.798186285137,4.58651619199487,0.6567504261524393,Christofides + GLS,Random Forest Classifier
99,Multi-Layer Perceptron (MLP),26.15217862562324,27.045306741816606,25.97295369876433,26.15217862562324,24.931009103799127,22600.260221114244,4.694918943016635,0.579933759334389,Christofides + GLS,Multi-Layer Perceptron (MLP)
99,Gradient Boosting Regressor,18.430522436592238,19.30197268588771,3.398609763499485,18.430522436592238,5.73895040125649,22732.0763349953,5.020215474431844,6.580005317790055e-05,Christofides + GLS,Gradient Boosting Regressor
99,LightGBM Ranker (LTR),25.5278560589638,26.48168220247128,14.37466139319831,25.5278560589638,18.0202643612364,22595.32344822603,4.635564251969742,0.6016509556303308,Christofides + GLS,LightGBM Ranker (LTR)
99,Single Best Solver (SBS: Christofides + GLS),18.430522436592238,19.30197268588771,3.3968415728572987,18.430522436592238,5.736429263285517,22732.09129272346,5.020452823339485,0.0,Christofides + GLS,Single Best Solver (SBS)
99,Uniform Random Selection (1/9),10.55278560589638,11.077389984825494,15.339474448072481,10.55278560589638,12.122980682727132,22876.066175301687,6.20205928641005,-0.6333552013505795,Christofides + GLS,Uniform Random Selection (1/9)
99,Virtual Best Solver (VBS / Upper Bound),100.0,100.0,100.0,100.0,100.0,22389.049663993064,3.5009406762011874,1.5090632195384666,Christofides + GLS,Virtual Best Solver (VBS / Upper Bound)
100,Gradient Boosting Classifier,24.547451669595784,25.57117750439367,24.990707552630965,24.547451669595784,24.010828613353958,20618.22518306971,4.6501807551680825,0.6366250501801942,PCI + GLS,Gradient Boosting Classifier
100,Random Forest Classifier,22.41212653778559,23.457820738137084,19.478220997552135,22.41212653778559,19.57882462930312,20623.894017281782,4.631264850932095,0.6093057977061724,PCI + GLS,Random Forest Classifier
100,Multi-Layer Perceptron (MLP),22.88664323374341,23.958699472759225,24.298704297460354,22.88664323374341,22.70078162837593,20663.133501757467,4.931641702900571,0.420202828164607,PCI + GLS,Multi-Layer Perceptron (MLP)
100,Gradient Boosting Regressor,20.62829525483304,21.64762741652021,4.323079497152882,20.62829525483304,7.127630676952412,20763.52882981839,5.0889661058310205,-0.06362245440719513,PCI + GLS,Gradient Boosting Regressor
100,LightGBM Ranker (LTR),31.40597539543058,32.53954305799648,17.556009350804334,31.40597539543058,22.15594875961471,20582.152043057995,4.4379916734819025,0.8104687687726452,PCI + GLS,LightGBM Ranker (LTR)
100,Single Best Solver (SBS: PCI + GLS),21.010544815465728,22.117750439367313,4.414429934426938,21.010544815465728,7.295942582786806,20750.326962507326,4.986430683864744,0.0,PCI + GLS,Single Best Solver (SBS)
100,Uniform Random Selection (1/9),11.01493848857645,11.673989455184534,16.04425541078311,11.01493848857645,12.655355958368286,20901.30035881664,6.261718217791882,-0.7275711683102584,PCI + GLS,Uniform Random Selection (1/9)
100,Virtual Best Solver (VBS / Upper Bound),100.0,100.0,100.0,100.0,100.0,20414.780704452256,3.420712614565941,1.617064919802715,PCI + GLS,Virtual Best Solver (VBS / Upper Bound)
101,Gradient Boosting Classifier,21.560840452551375,23.047794966520435,20.175046130988868,21.560840452551375,19.752401755806105,23276.406965289,4.072121258395462,0.8694347396490345,PCI + GLS,Gradient Boosting Classifier
101,Random Forest Classifier,24.497806511198338,25.961671669360424,23.480195163225098,24.497806511198338,19.44364088698149,23250.066289540522,3.992114334042754,0.9816155448815634,PCI + GLS,Random Forest Classifier
101,Multi-Layer Perceptron (MLP),23.980604941122145,25.28746247979681,23.898553146237102,23.980604941122145,23.05541439622263,23285.22430539521,4.101341064907259,0.8318830715533083,PCI + GLS,Multi-Layer Perceptron (MLP)
101,Gradient Boosting Regressor,19.524359270376358,20.79427383975987,4.031993799370779,19.524359270376358,6.393527911657465,23426.67631801739,4.422959292706884,0.22946114323070982,PCI + GLS,Gradient Boosting Regressor
101,LightGBM Ranker (LTR),23.56499653659663,24.788732394366196,11.75038020105665,23.56499653659663,15.39655323383838,23258.529600554146,4.012091499681442,0.9455716311449718,PCI + GLS,LightGBM Ranker (LTR)
101,Single Best Solver (SBS: PCI + GLS),17.524821057492495,18.951743246363424,3.071193530971324,17.524821057492495,5.2264594037865635,23480.5550681136,4.578183539272918,0.0,PCI + GLS,Single Best Solver (SBS)
101,Uniform Random Selection (1/9),11.202955437543292,12.052643731239899,15.775951335376057,11.202955437543292,12.815582279656464,23554.595289771412,5.473954285789695,-0.315325687331631,PCI + GLS,Uniform Random Selection (1/9)
101,Virtual Best Solver (VBS / Upper Bound),100.0,100.0,100.0,100.0,100.0,23071.142530593395,2.9598315260492023,1.7436237615872399,PCI + GLS,Virtual Best Solver (VBS / Upper Bound)
102,Gradient Boosting Classifier,23.653426451331296,24.412920122217372,24.06075509420943,23.653426451331296,22.202037292691195,23121.900378291866,4.8527467088180885,0.4945566104210037,PCI + GLS,Gradient Boosting Classifier
102,Random Forest Classifier,22.265386294194673,23.186381492797906,22.0018107431046,22.265386294194673,19.669979697856117,23108.377600756587,4.795806240459384,0.552752085381615,PCI + GLS,Random Forest Classifier
102,Multi-Layer Perceptron (MLP),22.474901789611522,23.225665648188563,22.012008853610542,22.474901789611522,21.736920346766315,23128.80458315146,4.911613300148431,0.4648442617573332,PCI + GLS,Multi-Layer Perceptron (MLP)
102,Gradient Boosting Regressor,18.08817110432126,18.93059799214317,8.242024177503163,18.08817110432126,5.99452219730107,23232.09973083079,5.238441322817058,0.020312051962262958,PCI + GLS,Gradient Boosting Regressor
102,LightGBM Ranker (LTR),24.749017896115234,25.61763422086425,15.775695692238164,24.749017896115234,17.780758473611176,23107.50233522479,4.807434178130855,0.5565188036616848,PCI + GLS,LightGBM Ranker (LTR)
102,Single Best Solver (SBS: PCI + GLS),20.423395896988215,21.30074203404627,4.17115099965115,20.423395896988215,6.927476124687945,23236.819605703477,5.211077470461016,0.0,PCI + GLS,Single Best Solver (SBS)
102,Uniform Random Selection (1/9),11.405499781754692,11.876909646442602,16.244652159435937,11.405499781754692,13.070696098282026,23370.0532882293,6.321746860588068,-0.5733731413619194,PCI + GLS,Uniform Random Selection (1/9)
102,Virtual Best Solver (VBS / Upper Bound),100.0,100.0,100.0,100.0,100.0,22879.124050632912,3.522721084355325,1.539348160118986,PCI + GLS,Virtual Best Solver (VBS / Upper Bound)
103,Gradient Boosting Classifier,23.996501967643198,25.09400961958898,24.4198210666082,23.996501967643198,22.06034168142334,24225.021082932515,4.794672644494461,0.7953669411254447,PCI + GLS,Gradient Boosting Classifier
103,Random Forest Classifier,23.16134674245737,24.271972015741145,19.46768288045099,23.16134674245737,17.03508909236912,24229.984739833842,4.760264550795923,0.7750401162347429,PCI + GLS,Random Forest Classifier
103,Multi-Layer Perceptron (MLP),21.60909488412768,22.680367293397463,22.31241686714584,21.60909488412768,20.425561632334446,24277.522132342227,4.897111018440905,0.5803682699554225,PCI + GLS,Multi-Layer Perceptron (MLP)
103,Gradient Boosting Regressor,21.687800612155662,22.675994752951464,4.720353031152072,21.687800612155662,7.753217187491944,24398.101493951322,5.06868879342416,0.08657999699778061,PCI + GLS,Gradient Boosting Regressor
103,LightGBM Ranker (LTR),24.09269785745518,25.115872321818976,19.784082236782684,24.09269785745518,16.190010041327614,24219.293310013116,4.662582847543533,0.81882292115404,PCI + GLS,LightGBM Ranker (LTR)
103,Single Best Solver (SBS: PCI + GLS),14.648010494097068,15.649322256230871,2.1456421143517788,14.648010494097068,3.743008020993531,24419.24367439149,5.301966853601763,0.0,PCI + GLS,Single Best Solver (SBS)
103,Uniform Random Selection (1/9),11.233056405771753,11.976388281591605,15.82211835658013,11.233056405771753,12.773087223930183,24544.254889957734,6.332845520553097,-0.5119372951642326,PCI + GLS,Uniform Random Selection (1/9)
103,Virtual Best Solver (VBS / Upper Bound),100.0,100.0,100.0,100.0,100.0,24007.437217606766,3.5244406752926363,1.6864013573712244,PCI + GLS,Virtual Best Solver (VBS / Upper Bound)
104,Gradient Boosting Classifier,19.48966124065112,20.743510778706558,17.64168308393337,19.48966124065112,17.846739916288097,20622.110815368822,5.028650449206948,0.5659427245101515,Christofides + GLS,Gradient Boosting Classifier
104,Random Forest Classifier,27.795864496260446,29.37527496700396,24.93602996314198,27.795864496260446,22.64961665287907,20593.545703182284,4.8314128435947445,0.7036757154084536,Christofides + GLS,Random Forest Classifier
104,Multi-Layer Perceptron (MLP),21.385833699956006,22.635283765948085,20.396922735224653,21.385833699956006,19.784530627006962,20642.73221880041,5.1201297895545705,0.4665120780416305,Christofides + GLS,Multi-Layer Perceptron (MLP)
104,Gradient Boosting Regressor,17.83985921689397,19.30048394192697,3.2108579282958303,17.83985921689397,5.442213964604481,20738.815200175977,5.351797884897066,0.003226783978632035,Christofides + GLS,Gradient Boosting Regressor
104,LightGBM Ranker (LTR),24.377474703035638,25.829300483941925,17.983003740764932,24.377474703035638,16.56840970843613,20584.561504619447,4.782552636938004,0.7469950110164361,Christofides + GLS,LightGBM Ranker (LTR)
104,Single Best Solver (SBS: Christofides + GLS),17.83985921689397,19.30048394192697,3.182605768785968,17.83985921689397,5.401577683367935,20739.484418536445,5.3529682562864735,0.0,Christofides + GLS,Single Best Solver (SBS)
104,Uniform Random Selection (1/9),11.416630004399472,12.168939727232733,17.330094657611877,11.416630004399472,13.207597278355784,20882.480503006303,6.5612637041854445,-0.6894871713496004,Christofides + GLS,Uniform Random Selection (1/9)
104,Virtual Best Solver (VBS / Upper Bound),100.0,100.0,100.0,100.0,100.0,20396.97439507259,3.63312401231954,1.6514876481583538,Christofides + GLS,Virtual Best Solver (VBS / Upper Bound)
105,Gradient Boosting Classifier,26.59798334064007,27.40464708461201,25.39967665783115,26.59798334064007,25.8221372081242,21869.113955867313,4.732324256802445,0.6927585441482861,PCI + GLS,Gradient Boosting Classifier
105,Random Forest Classifier,30.442788250767205,31.367821131082856,23.92868881547878,30.442788250767205,25.007348685931984,21848.59548443665,4.639107538480594,0.7859325429111943,PCI + GLS,Random Forest Classifier
105,Multi-Layer Perceptron (MLP),24.813678211310826,25.76939938623411,23.10854820004033,24.813678211310826,23.38886101922118,21885.04921817916,4.733014210296998,0.6203968131125248,PCI + GLS,Multi-Layer Perceptron (MLP)
105,Gradient Boosting Regressor,24.248136782113107,25.019728189390616,19.117680294449443,24.248136782113107,10.651044688097693,22005.854953967562,5.1320290471584205,0.07182020422928924,PCI + GLS,Gradient Boosting Regressor
105,LightGBM Ranker (LTR),29.004822446295485,29.907935116177114,18.38332131180925,29.004822446295485,20.899239865234303,21864.027743679675,4.689676206687358,0.7158549394952932,PCI + GLS,LightGBM Ranker (LTR)
105,Single Best Solver (SBS: PCI + GLS),23.761508110477862,24.69530907496712,5.646092676843051,23.761508110477862,9.124149766828907,22021.67096302791,5.114512346470703,0.0,PCI + GLS,Single Best Solver (SBS)
105,Uniform Random Selection (1/9),10.960105217010083,11.420429636124506,16.636463976981762,10.960105217010083,12.516345508956208,22186.421985971065,6.5043267960502975,-0.7481313439827225,PCI + GLS,Uniform Random Selection (1/9)
105,Virtual Best Solver (VBS / Upper Bound),100.0,100.0,100.0,100.0,100.0,21652.946565833696,3.474747891899857,1.6743706588535678,PCI + GLS,Virtual Best Solver (VBS / Upper Bound)
106,Gradient Boosting Classifier,26.034063260340634,27.016146870161467,25.243741942526142,26.034063260340634,24.76031899341898,20125.854095701543,4.713865144017786,0.8531706766457583,Christofides + GLS,Gradient Boosting Classifier
106,Random Forest Classifier,31.877903118779034,32.84229152842292,28.65051515910669,31.877903118779034,26.259546698937104,20112.806208066064,4.654106834631184,0.917449026388016,Christofides + GLS,Random Forest Classifier
106,Multi-Layer Perceptron (MLP),22.570227825702275,23.127626631276264,22.290361462312166,22.570227825702275,22.17336303538915,20199.400457126005,5.158848124451077,0.4908561875895034,Christofides + GLS,Multi-Layer Perceptron (MLP)
106,Gradient Boosting Regressor,17.796947577969476,18.681707586817076,3.1955867041361836,17.796947577969476,5.418277592414953,20302.939821573396,5.3905913779104235,-0.01921407558042676,Christofides + GLS,Gradient Boosting Regressor
106,LightGBM Ranker (LTR),25.410307454103076,26.36584826365848,14.476226190539384,25.410307454103076,17.284877809815637,20139.90418049104,4.786843913752272,0.7839551615188471,Christofides + GLS,LightGBM Ranker (LTR)
106,Single Best Solver (SBS: Christofides + GLS),17.796947577969476,18.681707586817076,3.1673134309299353,17.796947577969476,5.377581501139493,20299.039548772394,5.355683683939903,0.0,Christofides + GLS,Single Best Solver (SBS)
106,Uniform Random Selection (1/9),10.723291307232913,11.19663791196638,15.985966069425825,10.723291307232913,12.37962457587567,20437.18130207181,6.529609404798307,-0.6805334457697074,Christofides + GLS,Uniform Random Selection (1/9)
106,Virtual Best Solver (VBS / Upper Bound),100.0,100.0,100.0,100.0,100.0,19954.089913735897,3.6739875450896773,1.6993396865289532,Christofides + GLS,Virtual Best Solver (VBS / Upper Bound)
107,Gradient Boosting Classifier,24.843683083511777,26.04282655246253,24.391955113286066,24.843683083511777,23.97324612466811,22789.33784439686,5.0668735090821,0.5127899159403597,PCI + GLS,Gradient Boosting Classifier
107,Random Forest Classifier,25.250535331905784,26.51820128479657,31.531102371942005,25.250535331905784,22.192841851351456,22771.757344753747,5.028548873402731,0.5895378615506917,PCI + GLS,Random Forest Classifier
107,Multi-Layer Perceptron (MLP),20.556745182012847,21.700214132762312,18.406644187122932,20.556745182012847,18.44480165695479,22819.82631691649,5.215681744788334,0.37969201325390356,PCI + GLS,Multi-Layer Perceptron (MLP)
107,Gradient Boosting Regressor,23.738758029978587,24.77087794432548,5.635286328058728,23.738758029978587,9.108360901268217,22865.68880799429,5.174879659801833,0.17947859257492624,PCI + GLS,Gradient Boosting Regressor
107,LightGBM Ranker (LTR),27.289079229122056,28.535331905781586,17.94070150576685,27.289079229122056,20.01591624855559,22787.50255531763,5.105456387369405,0.5208018990632154,PCI + GLS,LightGBM Ranker (LTR)
107,Single Best Solver (SBS: PCI + GLS),18.068522483940043,19.31049250535332,3.2647150475264684,18.068522483940043,5.53020395079568,22906.801613133473,5.491088253029365,0.0,PCI + GLS,Single Best Solver (SBS)
107,Uniform Random Selection (1/9),11.5203426124197,12.115631691648822,17.096141564000366,11.5203426124197,13.30718403254789,23037.402669521765,6.5276356177915815,-0.5701409502469023,PCI + GLS,Uniform Random Selection (1/9)
107,Virtual Best Solver (VBS / Upper Bound),100.0,100.0,100.0,100.0,100.0,22558.079842969306,3.782765279569571,1.522350330935027,PCI + GLS,Virtual Best Solver (VBS / Upper Bound)
108,Gradient Boosting Classifier,30.017738359201772,30.76718403547672,29.18320345144335,30.017738359201772,28.847255360622786,22914.40596452328,4.789794538323608,0.9852695340451988,PCI + GLS,Gradient Boosting Classifier
108,Random Forest Classifier,27.18847006651885,27.902439024390247,24.91271704065436,27.18847006651885,23.863764691033904,22931.40286031042,4.875473483584544,0.9118247736736208,PCI + GLS,Random Forest Classifier
108,Multi-Layer Perceptron (MLP),21.002217294900223,21.68070953436807,20.20713020523509,21.002217294900223,19.837871346027704,23043.02,5.315179372429326,0.42951940565075936,PCI + GLS,Multi-Layer Perceptron (MLP)
108,Gradient Boosting Regressor,20.52771618625277,21.170731707317074,10.857863182557471,20.52771618625277,7.795436671367291,23136.117989652626,5.540000358425261,0.027236563728141493,PCI + GLS,Gradient Boosting Regressor
108,LightGBM Ranker (LTR),28.97117516629712,29.662971175166298,23.043974833134527,28.97117516629712,22.02618968695968,22918.67379896526,4.867124791269146,0.966827926717467,PCI + GLS,LightGBM Ranker (LTR)
108,Single Best Solver (SBS: PCI + GLS),18.705099778270508,19.543237250554323,3.4988075771505547,18.705099778270508,5.8949574764453825,23142.42118994826,5.53103641033936,0.0,PCI + GLS,Single Best Solver (SBS)
108,Uniform Random Selection (1/9),10.838137472283814,11.299334811529933,15.126114829850229,10.838137472283814,12.232813261319876,23256.67016999261,6.64803888250356,-0.4936777319305314,PCI + GLS,Uniform Random Selection (1/9)
108,Virtual Best Solver (VBS / Upper Bound),100.0,100.0,100.0,100.0,100.0,22731.999844789356,3.735843153659433,1.7734589729840766,PCI + GLS,Virtual Best Solver (VBS / Upper Bound)
109,Gradient Boosting Classifier,27.78094194961665,28.76670317634173,27.264935716133206,27.78094194961665,26.529455654335937,24568.612771084336,4.366270393501193,0.47262329791737995,PCI + GLS,Gradient Boosting Classifier
109,Random Forest Classifier,26.67250821467689,27.680175246440307,21.655755057995215,26.67250821467689,22.41385410987583,24556.875188024824,4.2986058191574505,0.5201722117132349,PCI + GLS,Random Forest Classifier
109,Multi-Layer Perceptron (MLP),23.391018619934282,24.219058050383353,20.512230108485266,23.391018619934282,21.207938294207874,24606.94755750274,4.562126468286615,0.3173291930280414,PCI + GLS,Multi-Layer Perceptron (MLP)
109,Gradient Boosting Regressor,19.281489594742606,20.19277108433735,3.752778865490103,19.281489594742606,6.282740584641633,24731.375998539617,4.879938628957477,-0.1867300486929833,PCI + GLS,Gradient Boosting Regressor
109,LightGBM Ranker (LTR),27.443592552026285,28.394304490690033,19.058783164113773,27.443592552026285,20.626122317232216,24569.48194961665,4.408620285725971,0.46910225828795715,PCI + GLS,LightGBM Ranker (LTR)
109,Single Best Solver (SBS: PCI + GLS),18.532311062431546,19.504928806133627,3.4344655331472262,18.532311062431546,5.794986198047344,24685.281161007668,4.737173169891272,0.0,PCI + GLS,Single Best Solver (SBS)
109,Uniform Random Selection (1/9),11.154435925520263,11.802847754654984,15.316793357710006,11.154435925520263,12.513224762618599,24828.645220883533,5.850432546659072,-0.5807673768865939,PCI + GLS,Uniform Random Selection (1/9)
109,Virtual Best Solver (VBS / Upper Bound),100.0,100.0,100.0,100.0,100.0,24386.057210660823,3.356742677411363,1.212155326063258,PCI + GLS,Virtual Best Solver (VBS / Upper Bound)
110,Gradient Boosting Classifier,23.27355278093076,24.56753688989784,23.921517297446005,23.27355278093076,22.373211683200196,21317.243836549376,4.793614680960163,0.5179664293634512,PCI + GLS,Gradient Boosting Classifier
110,Random Forest Classifier,26.338251986379113,27.931895573212255,25.10834963116812,26.338251986379113,21.639918752149995,21262.578274687854,4.58489494886871,0.7730763911372881,PCI + GLS,Random Forest Classifier
110,Multi-Layer Perceptron (MLP),24.476730987514188,25.598183881952323,24.616326808985754,24.476730987514188,23.139867951049226,21280.878191449112,4.78247554016844,0.6876754383901996,PCI + GLS,Multi-Layer Perceptron (MLP)
110,Gradient Boosting Regressor,18.006810442678773,19.3688989784336,3.371639776507438,18.006810442678773,5.552666984083338,21425.370556186153,5.084493588664365,0.013367146488716775,PCI + GLS,Gradient Boosting Regressor
110,LightGBM Ranker (LTR),24.081725312145288,25.734392735527813,16.245568448592923,24.081725312145288,16.08615216117019,21262.583912220958,4.630416985520789,0.7730500822362958,PCI + GLS,LightGBM Ranker (LTR)
110,Single Best Solver (SBS: PCI + GLS),18.320090805902385,19.809307604994324,3.3562572713650907,18.320090805902385,5.6731823792644755,21428.234899735147,5.178800042861825,0.0,PCI + GLS,Single Best Solver (SBS)
110,Uniform Random Selection (1/9),11.396140749148694,12.236095346197501,15.308640440163796,11.396140749148694,12.723653376804867,21551.042656072645,6.215709620414302,-0.5731118634461823,PCI + GLS,Uniform Random Selection (1/9)
110,Virtual Best Solver (VBS / Upper Bound),100.0,100.0,100.0,100.0,100.0,21084.526598562243,3.544807146852178,1.603997262402387,PCI + GLS,Virtual Best Solver (VBS / Upper Bound)
